SampleID,Numeric ID,Enrichment,Temperature,Substrate,Replicate,Time_Point,Date,Time,Minutes,Hours,Absorbance,TPA_Absorbance,Biomass_g_L
Laura1,,Laura1,25,TPA,,,,,,,1.423695,,
Laura2,,Laura2,25,TPA,,,,,,,1.557424,,
Emma2,,Emma2,25,TPA,,,,,,,0.5134,,
Laura1_30_TPA_R1_T1,1,Laura1,30,TPA,R1,T1,5/3/21,15:30,0,0,0.288841,,
Laura1_30_Pyrolysis_R1_T1,13,Laura1,30,Pyrolysis,R1,T1,5/3/21,15:30,0,0,0.287991,,
Laura1_30_Mix_R1_T1,25,Laura1,30,Mix,R1,T1,5/3/21,15:30,0,0,0.261362,,
Laura1_37_TPA_R1_T1,37,Laura1,37,TPA,R1,T1,5/3/21,15:30,0,0,0.26065,,
Laura1_37_Pyrolysis_R1_T1,49,Laura1,37,Pyrolysis,R1,T1,5/3/21,15:30,0,0,0.277265,,
Laura1_37_Mix_R1_T1,61,Laura1,37,Mix,R1,T1,5/3/21,15:30,0,0,0.288819,,
Laura1_30_TPA_R2_T1,2,Laura1,30,TPA,R2,T1,5/3/21,15:30,0,0,0.290673,,
Laura1_30_Pyrolysis_R2_T1,14,Laura1,30,Pyrolysis,R2,T1,5/3/21,15:30,0,0,0.277016,,
Laura1_30_Mix_R2_T1,26,Laura1,30,Mix,R2,T1,5/3/21,15:30,0,0,0.272555,,
Laura1_37_TPA_R2_T1,38,Laura1,37,TPA,R2,T1,5/3/21,15:30,0,0,0.262951,,
Laura1_37_Pyrolysis_R2_T1,50,Laura1,37,Pyrolysis,R2,T1,5/3/21,15:30,0,0,0.299978,,
Laura1_37_Mix_R2_T1,62,Laura1,37,Mix,R2,T1,5/3/21,15:30,0,0,0.28603,,
Laura1_30_TPA_R3_T1,3,Laura1,30,TPA,R3,T1,5/3/21,15:30,0,0,0.256585,,
Laura1_30_Pyrolysis_R3_T1,15,Laura1,30,Pyrolysis,R3,T1,5/3/21,15:30,0,0,0.273016,,
Laura1_30_Mix_R3_T1,27,Laura1,30,Mix,R3,T1,5/3/21,15:30,0,0,0.278691,,
Laura1_37_TPA_R3_T1,39,Laura1,37,TPA,R3,T1,5/3/21,15:30,0,0,0.276995,,
Laura1_37_Pyrolysis_R3_T1,51,Laura1,37,Pyrolysis,R3,T1,5/3/21,15:30,0,0,0.265327,,
Laura1_37_Mix_R3_T1,63,Laura1,37,Mix,R3,T1,5/3/21,15:30,0,0,0.265179,,
Laura2_30_TPA_R1_T1,4,Laura2,30,TPA,R1,T1,5/3/21,15:30,0,0,0.286867,,
Laura2_30_Pyrolysis_R1_T1,16,Laura2,30,Pyrolysis,R1,T1,5/3/21,15:30,0,0,0.359518,,
Laura2_30_Mix_R1_T1,28,Laura2,30,Mix,R1,T1,5/3/21,15:30,0,0,0.305918,,
Laura2_37_TPA_R1_T1,40,Laura2,37,TPA,R1,T1,5/3/21,15:30,0,0,0.295723,,
Laura2_37_Pyrolysis_R1_T1,52,Laura2,37,Pyrolysis,R1,T1,5/3/21,15:30,0,0,0.276221,,
Laura2_37_Mix_R1_T1,64,Laura2,37,Mix,R1,T1,5/3/21,15:30,0,0,0.296391,,
Laura2_30_TPA_R2_T1,5,Laura2,30,TPA,R2,T1,5/3/21,15:30,0,0,0.276989,,
Laura2_30_Pyrolysis_R2_T1,17,Laura2,30,Pyrolysis,R2,T1,5/3/21,15:30,0,0,0.302803,,
Laura2_30_Mix_R2_T1,29,Laura2,30,Mix,R2,T1,5/3/21,15:30,0,0,0.289554,,
Laura2_37_TPA_R2_T1,41,Laura2,37,TPA,R2,T1,5/3/21,15:30,0,0,0.291978,,
Laura2_37_Pyrolysis_R2_T1,53,Laura2,37,Pyrolysis,R2,T1,5/3/21,15:30,0,0,0.295925,,
Laura2_37_Mix_R2_T1,65,Laura2,37,Mix,R2,T1,5/3/21,15:30,0,0,0.303242,,
Laura2_30_TPA_R3_T1,6,Laura2,30,TPA,R3,T1,5/3/21,15:30,0,0,0.297091,,
Laura2_30_Pyrolysis_R3_T1,18,Laura2,30,Pyrolysis,R3,T1,5/3/21,15:30,0,0,0.294764,,
Laura2_30_Mix_R3_T1,30,Laura2,30,Mix,R3,T1,5/3/21,15:30,0,0,0.301952,,
Laura2_37_TPA_R3_T1,42,Laura2,37,TPA,R3,T1,5/3/21,15:30,0,0,0.305725,,
Laura2_37_Pyrolysis_R3_T1,54,Laura2,37,Pyrolysis,R3,T1,5/3/21,15:30,0,0,0.270477,,
Laura2_37_Mix_R3_T1,66,Laura2,37,Mix,R3,T1,5/3/21,15:30,0,0,0.301388,,
Emma2_30_TPA_R1_T1,7,Emma2,30,TPA,R1,T1,5/3/21,15:30,0,0,0.191209,,
Emma2_30_Pyrolysis_R1_T1,19,Emma2,30,Pyrolysis,R1,T1,5/3/21,15:30,0,0,0.101767,,
Emma2_30_Mix_R1_T1,31,Emma2,30,Mix,R1,T1,5/3/21,15:30,0,0,0.163921,,
Emma2_37_TPA_R1_T1,43,Emma2,37,TPA,R1,T1,5/3/21,15:30,0,0,0.098847,,
Emma2_37_Pyrolysis_R1_T1,55,Emma2,37,Pyrolysis,R1,T1,5/3/21,15:30,0,0,0.184168,,
Emma2_37_Mix_R1_T1,67,Emma2,37,Mix,R1,T1,5/3/21,15:30,0,0,0.115529,,
Emma2_30_TPA_R2_T1,8,Emma2,30,TPA,R2,T1,5/3/21,15:30,0,0,0.091356,,
Emma2_30_Pyrolysis_R2_T1,20,Emma2,30,Pyrolysis,R2,T1,5/3/21,15:30,0,0,0.180822,,
Emma2_30_Mix_R2_T1,32,Emma2,30,Mix,R2,T1,5/3/21,15:30,0,0,0.154395,,
Emma2_37_TPA_R2_T1,44,Emma2,37,TPA,R2,T1,5/3/21,15:30,0,0,0.131916,,
Emma2_37_Pyrolysis_R2_T1,56,Emma2,37,Pyrolysis,R2,T1,5/3/21,15:30,0,0,0.139917,,
Emma2_37_Mix_R2_T1,68,Emma2,37,Mix,R2,T1,5/3/21,15:30,0,0,0.127937,,
Emma2_30_TPA_R3_T1,9,Emma2,30,TPA,R3,T1,5/3/21,15:30,0,0,0.109368,,
Emma2_30_Pyrolysis_R3_T1,21,Emma2,30,Pyrolysis,R3,T1,5/3/21,15:30,0,0,0.167683,,
Emma2_30_Mix_R3_T1,33,Emma2,30,Mix,R3,T1,5/3/21,15:30,0,0,0.151565,,
Emma2_37_TPA_R3_T1,45,Emma2,37,TPA,R3,T1,5/3/21,15:30,0,0,0.139573,,
Emma2_37_Pyrolysis_R3_T1,57,Emma2,37,Pyrolysis,R3,T1,5/3/21,15:30,0,0,0.181228,,
Emma2_37_Mix_R3_T1,69,Emma2,37,Mix,R3,T1,5/3/21,15:30,0,0,0.168034,,
Blank_30_TPA_R1_T1,10,Blank,30,TPA,R1,T1,5/3/21,15:30,0,0,0.105429,,
Blank_30_Pyrolysis_R1_T1,22,Blank,30,Pyrolysis,R1,T1,5/3/21,15:30,0,0,0.106628,,
Blank_30_Mix_R1_T1,34,Blank,30,Mix,R1,T1,5/3/21,15:30,0,0,0.10413,,
Blank_37_TPA_R1_T1,46,Blank,37,TPA,R1,T1,5/3/21,15:30,0,0,0.100229,,
Blank_37_Pyrolysis_R1_T1,58,Blank,37,Pyrolysis,R1,T1,5/3/21,15:30,0,0,0.100291,,
Blank_37_Mix_R1_T1,70,Blank,37,Mix,R1,T1,5/3/21,15:30,0,0,0.10998,,
Blank_30_TPA_R2_T1,11,Blank,30,TPA,R2,T1,5/3/21,15:30,0,0,0.093128,,
Blank_30_Pyrolysis_R2_T1,23,Blank,30,Pyrolysis,R2,T1,5/3/21,15:30,0,0,0.119279,,
Blank_30_Mix_R2_T1,35,Blank,30,Mix,R2,T1,5/3/21,15:30,0,0,0.103308,,
Blank_37_TPA_R2_T1,47,Blank,37,TPA,R2,T1,5/3/21,15:30,0,0,0.110423,,
Blank_37_Pyrolysis_R2_T1,59,Blank,37,Pyrolysis,R2,T1,5/3/21,15:30,0,0,0.116278,,
Blank_37_Mix_R2_T1,71,Blank,37,Mix,R2,T1,5/3/21,15:30,0,0,0.109499,,
Blank_30_TPA_R3_T1,12,Blank,30,TPA,R3,T1,5/3/21,15:30,0,0,0.097208,,
Blank_30_Pyrolysis_R3_T1,24,Blank,30,Pyrolysis,R3,T1,5/3/21,15:30,0,0,0.09783,,
Blank_30_Mix_R3_T1,36,Blank,30,Mix,R3,T1,5/3/21,15:30,0,0,0.108461,,
Blank_37_TPA_R3_T1,48,Blank,37,TPA,R3,T1,5/3/21,15:30,0,0,0.113669,,
Blank_37_Pyrolysis_R3_T1,60,Blank,37,Pyrolysis,R3,T1,5/3/21,15:30,0,0,0.102651,,
Blank_37_Mix_R3_T1,72,Blank,37,Mix,R3,T1,5/3/21,15:30,0,0,0.098235,,
Laura1_30_TPA_R1_T2,1,Laura1,30,TPA,R1,T2,5/4/21,9:34,1084,18.1,0.458,,
Laura1_30_Pyrolysis_R1_T2,13,Laura1,30,Pyrolysis,R1,T2,5/4/21,9:34,1084,18.1,0.372,,
Laura1_30_Mix_R1_T2,25,Laura1,30,Mix,R1,T2,5/4/21,9:34,1084,18.1,0.432,,
Laura1_37_TPA_R1_T2,37,Laura1,37,TPA,R1,T2,5/4/21,9:34,1084,18.1,0.6,,
Laura1_37_Pyrolysis_R1_T2,49,Laura1,37,Pyrolysis,R1,T2,5/4/21,9:34,1084,18.1,0.418,,
Laura1_37_Mix_R1_T2,61,Laura1,37,Mix,R1,T2,5/4/21,9:34,1084,18.1,0.376,,
Laura1_30_TPA_R2_T2,2,Laura1,30,TPA,R2,T2,5/4/21,9:34,1084,18.1,0.372,,
Laura1_30_Pyrolysis_R2_T2,14,Laura1,30,Pyrolysis,R2,T2,5/4/21,9:34,1084,18.1,0.819,,
Laura1_30_Mix_R2_T2,26,Laura1,30,Mix,R2,T2,5/4/21,9:34,1084,18.1,1.034,,
Laura1_37_TPA_R2_T2,38,Laura1,37,TPA,R2,T2,5/4/21,9:34,1084,18.1,0.588,,
Laura1_37_Pyrolysis_R2_T2,50,Laura1,37,Pyrolysis,R2,T2,5/4/21,9:34,1084,18.1,0.64,,
Laura1_37_Mix_R2_T2,62,Laura1,37,Mix,R2,T2,5/4/21,9:34,1084,18.1,0.281,,
Laura1_30_TPA_R3_T2,3,Laura1,30,TPA,R3,T2,5/4/21,9:34,1084,18.1,0.418,,
Laura1_30_Pyrolysis_R3_T2,15,Laura1,30,Pyrolysis,R3,T2,5/4/21,9:34,1084,18.1,0.481,,
Laura1_30_Mix_R3_T2,27,Laura1,30,Mix,R3,T2,5/4/21,9:34,1084,18.1,0.291,,
Laura1_37_TPA_R3_T2,39,Laura1,37,TPA,R3,T2,5/4/21,9:34,1084,18.1,0.567,,
Laura1_37_Pyrolysis_R3_T2,51,Laura1,37,Pyrolysis,R3,T2,5/4/21,9:34,1084,18.1,0.508,,
Laura1_37_Mix_R3_T2,63,Laura1,37,Mix,R3,T2,5/4/21,9:34,1084,18.1,0.737,,
Laura2_30_TPA_R1_T2,4,Laura2,30,TPA,R1,T2,5/4/21,9:34,1084,18.1,0.475,,
Laura2_30_Pyrolysis_R1_T2,16,Laura2,30,Pyrolysis,R1,T2,5/4/21,9:34,1084,18.1,0.54,,
Laura2_30_Mix_R1_T2,28,Laura2,30,Mix,R1,T2,5/4/21,9:34,1084,18.1,0.719,,
Laura2_37_TPA_R1_T2,40,Laura2,37,TPA,R1,T2,5/4/21,9:34,1084,18.1,0.632,,
Laura2_37_Pyrolysis_R1_T2,52,Laura2,37,Pyrolysis,R1,T2,5/4/21,9:34,1084,18.1,0.389,,
Laura2_37_Mix_R1_T2,64,Laura2,37,Mix,R1,T2,5/4/21,9:34,1084,18.1,0.39,,
Laura2_30_TPA_R2_T2,5,Laura2,30,TPA,R2,T2,5/4/21,9:34,1084,18.1,0.595,,
Laura2_30_Pyrolysis_R2_T2,17,Laura2,30,Pyrolysis,R2,T2,5/4/21,9:34,1084,18.1,0.249,,
Laura2_30_Mix_R2_T2,29,Laura2,30,Mix,R2,T2,5/4/21,9:34,1084,18.1,0.329,,
Laura2_37_TPA_R2_T2,41,Laura2,37,TPA,R2,T2,5/4/21,9:34,1084,18.1,0.613,,
Laura2_37_Pyrolysis_R2_T2,53,Laura2,37,Pyrolysis,R2,T2,5/4/21,9:34,1084,18.1,0.738,,
Laura2_37_Mix_R2_T2,65,Laura2,37,Mix,R2,T2,5/4/21,9:34,1084,18.1,1.228,,
Laura2_30_TPA_R3_T2,6,Laura2,30,TPA,R3,T2,5/4/21,9:34,1084,18.1,0.649,,
Laura2_30_Pyrolysis_R3_T2,18,Laura2,30,Pyrolysis,R3,T2,5/4/21,9:34,1084,18.1,0.689,,
Laura2_30_Mix_R3_T2,30,Laura2,30,Mix,R3,T2,5/4/21,9:34,1084,18.1,1.234,,
Laura2_37_TPA_R3_T2,42,Laura2,37,TPA,R3,T2,5/4/21,9:34,1084,18.1,0.519,,
Laura2_37_Pyrolysis_R3_T2,54,Laura2,37,Pyrolysis,R3,T2,5/4/21,9:34,1084,18.1,0.474,,
Laura2_37_Mix_R3_T2,66,Laura2,37,Mix,R3,T2,5/4/21,9:34,1084,18.1,0.661,,
Emma2_30_TPA_R1_T2,7,Emma2,30,TPA,R1,T2,5/4/21,9:34,1084,18.1,0.369,,
Emma2_30_Pyrolysis_R1_T2,19,Emma2,30,Pyrolysis,R1,T2,5/4/21,9:34,1084,18.1,0.726,,
Emma2_30_Mix_R1_T2,31,Emma2,30,Mix,R1,T2,5/4/21,9:34,1084,18.1,0.368,,
Emma2_37_TPA_R1_T2,43,Emma2,37,TPA,R1,T2,5/4/21,9:34,1084,18.1,0.692,,
Emma2_37_Pyrolysis_R1_T2,55,Emma2,37,Pyrolysis,R1,T2,5/4/21,9:34,1084,18.1,0.169,,
Emma2_37_Mix_R1_T2,67,Emma2,37,Mix,R1,T2,5/4/21,9:34,1084,18.1,0.277,,
Emma2_30_TPA_R2_T2,8,Emma2,30,TPA,R2,T2,5/4/21,9:34,1084,18.1,0.501,,
Emma2_30_Pyrolysis_R2_T2,20,Emma2,30,Pyrolysis,R2,T2,5/4/21,9:34,1084,18.1,0.195,,
Emma2_30_Mix_R2_T2,32,Emma2,30,Mix,R2,T2,5/4/21,9:34,1084,18.1,0.496,,
Emma2_37_TPA_R2_T2,44,Emma2,37,TPA,R2,T2,5/4/21,9:34,1084,18.1,0.422,,
Emma2_37_Pyrolysis_R2_T2,56,Emma2,37,Pyrolysis,R2,T2,5/4/21,9:34,1084,18.1,0.335,,
Emma2_37_Mix_R2_T2,68,Emma2,37,Mix,R2,T2,5/4/21,9:34,1084,18.1,0.34,,
Emma2_30_TPA_R3_T2,9,Emma2,30,TPA,R3,T2,5/4/21,9:34,1084,18.1,0.617,,
Emma2_30_Pyrolysis_R3_T2,21,Emma2,30,Pyrolysis,R3,T2,5/4/21,9:34,1084,18.1,0.273,,
Emma2_30_Mix_R3_T2,33,Emma2,30,Mix,R3,T2,5/4/21,9:34,1084,18.1,0.439,,
Emma2_37_TPA_R3_T2,45,Emma2,37,TPA,R3,T2,5/4/21,9:34,1084,18.1,0.519,,
Emma2_37_Pyrolysis_R3_T2,57,Emma2,37,Pyrolysis,R3,T2,5/4/21,9:34,1084,18.1,0.138,,
Emma2_37_Mix_R3_T2,69,Emma2,37,Mix,R3,T2,5/4/21,9:34,1084,18.1,0.453,,
Blank_30_TPA_R1_T2,10,Blank,30,TPA,R1,T2,5/4/21,9:34,1084,18.1,0.078,,
Blank_30_Pyrolysis_R1_T2,22,Blank,30,Pyrolysis,R1,T2,5/4/21,9:34,1084,18.1,0.225,,
Blank_30_Mix_R1_T2,34,Blank,30,Mix,R1,T2,5/4/21,9:34,1084,18.1,0.157,,
Blank_37_TPA_R1_T2,46,Blank,37,TPA,R1,T2,5/4/21,9:34,1084,18.1,0.09,,
Blank_37_Pyrolysis_R1_T2,58,Blank,37,Pyrolysis,R1,T2,5/4/21,9:34,1084,18.1,0.085,,
Blank_37_Mix_R1_T2,70,Blank,37,Mix,R1,T2,5/4/21,9:34,1084,18.1,0.162,,
Blank_30_TPA_R2_T2,11,Blank,30,TPA,R2,T2,5/4/21,9:34,1084,18.1,0.074,,
Blank_30_Pyrolysis_R2_T2,23,Blank,30,Pyrolysis,R2,T2,5/4/21,9:34,1084,18.1,0.134,,
Blank_30_Mix_R2_T2,35,Blank,30,Mix,R2,T2,5/4/21,9:34,1084,18.1,0.099,,
Blank_37_TPA_R2_T2,47,Blank,37,TPA,R2,T2,5/4/21,9:34,1084,18.1,0.068,,
Blank_37_Pyrolysis_R2_T2,59,Blank,37,Pyrolysis,R2,T2,5/4/21,9:34,1084,18.1,0.085,,
Blank_37_Mix_R2_T2,71,Blank,37,Mix,R2,T2,5/4/21,9:34,1084,18.1,0.08,,
Blank_30_TPA_R3_T2,12,Blank,30,TPA,R3,T2,5/4/21,9:34,1084,18.1,0.071,,
Blank_30_Pyrolysis_R3_T2,24,Blank,30,Pyrolysis,R3,T2,5/4/21,9:34,1084,18.1,0.141,,
Blank_30_Mix_R3_T2,36,Blank,30,Mix,R3,T2,5/4/21,9:34,1084,18.1,0.133,,
Blank_37_TPA_R3_T2,48,Blank,37,TPA,R3,T2,5/4/21,9:34,1084,18.1,0.072,,
Blank_37_Pyrolysis_R3_T2,60,Blank,37,Pyrolysis,R3,T2,5/4/21,9:34,1084,18.1,0.126,,
Blank_37_Mix_R3_T2,72,Blank,37,Mix,R3,T2,5/4/21,9:34,1084,18.1,0.105,,
Laura1_30_TPA_R1_T3,1,Laura1,30,TPA,R1,T3,5/4/21,15:46,1456,24.3,0.537,,
Laura1_30_Pyrolysis_R1_T3,13,Laura1,30,Pyrolysis,R1,T3,5/4/21,15:46,1456,24.3,0.395,,
Laura1_30_Mix_R1_T3,25,Laura1,30,Mix,R1,T3,5/4/21,15:46,1456,24.3,0.429,,
Laura1_37_TPA_R1_T3,37,Laura1,37,TPA,R1,T3,5/4/21,15:46,1456,24.3,0.687,,
Laura1_37_Pyrolysis_R1_T3,49,Laura1,37,Pyrolysis,R1,T3,5/4/21,15:46,1456,24.3,0.476,,
Laura1_37_Mix_R1_T3,61,Laura1,37,Mix,R1,T3,5/4/21,15:46,1456,24.3,0.474,,
Laura1_30_TPA_R2_T3,2,Laura1,30,TPA,R2,T3,5/4/21,15:46,1456,24.3,0.421,,
Laura1_30_Pyrolysis_R2_T3,14,Laura1,30,Pyrolysis,R2,T3,5/4/21,15:46,1456,24.3,0.546,,
Laura1_30_Mix_R2_T3,26,Laura1,30,Mix,R2,T3,5/4/21,15:46,1456,24.3,0.858,,
Laura1_37_TPA_R2_T3,38,Laura1,37,TPA,R2,T3,5/4/21,15:46,1456,24.3,0.675,,
Laura1_37_Pyrolysis_R2_T3,50,Laura1,37,Pyrolysis,R2,T3,5/4/21,15:46,1456,24.3,0.253,,
Laura1_37_Mix_R2_T3,62,Laura1,37,Mix,R2,T3,5/4/21,15:46,1456,24.3,0.223,,
Laura1_30_TPA_R3_T3,3,Laura1,30,TPA,R3,T3,5/4/21,15:46,1456,24.3,0.506,,
Laura1_30_Pyrolysis_R3_T3,15,Laura1,30,Pyrolysis,R3,T3,5/4/21,15:46,1456,24.3,0.279,,
Laura1_30_Mix_R3_T3,27,Laura1,30,Mix,R3,T3,5/4/21,15:46,1456,24.3,0.309,,
Laura1_37_TPA_R3_T3,39,Laura1,37,TPA,R3,T3,5/4/21,15:46,1456,24.3,0.658,,
Laura1_37_Pyrolysis_R3_T3,51,Laura1,37,Pyrolysis,R3,T3,5/4/21,15:46,1456,24.3,0.57,,
Laura1_37_Mix_R3_T3,63,Laura1,37,Mix,R3,T3,5/4/21,15:46,1456,24.3,0.895,,
Laura2_30_TPA_R1_T3,4,Laura2,30,TPA,R1,T3,5/4/21,15:46,1456,24.3,0.522,,
Laura2_30_Pyrolysis_R1_T3,16,Laura2,30,Pyrolysis,R1,T3,5/4/21,15:46,1456,24.3,0.446,,
Laura2_30_Mix_R1_T3,28,Laura2,30,Mix,R1,T3,5/4/21,15:46,1456,24.3,0.972,,
Laura2_37_TPA_R1_T3,40,Laura2,37,TPA,R1,T3,5/4/21,15:46,1456,24.3,0.723,,
Laura2_37_Pyrolysis_R1_T3,52,Laura2,37,Pyrolysis,R1,T3,5/4/21,15:46,1456,24.3,0.626,,
Laura2_37_Mix_R1_T3,64,Laura2,37,Mix,R1,T3,5/4/21,15:46,1456,24.3,0.549,,
Laura2_30_TPA_R2_T3,5,Laura2,30,TPA,R2,T3,5/4/21,15:46,1456,24.3,0.767,,
Laura2_30_Pyrolysis_R2_T3,17,Laura2,30,Pyrolysis,R2,T3,5/4/21,15:46,1456,24.3,0.351,,
Laura2_30_Mix_R2_T3,29,Laura2,30,Mix,R2,T3,5/4/21,15:46,1456,24.3,0.398,,
Laura2_37_TPA_R2_T3,41,Laura2,37,TPA,R2,T3,5/4/21,15:46,1456,24.3,0.682,,
Laura2_37_Pyrolysis_R2_T3,53,Laura2,37,Pyrolysis,R2,T3,5/4/21,15:46,1456,24.3,0.856,,
Laura2_37_Mix_R2_T3,65,Laura2,37,Mix,R2,T3,5/4/21,15:46,1456,24.3,1.422,,
Laura2_30_TPA_R3_T3,6,Laura2,30,TPA,R3,T3,5/4/21,15:46,1456,24.3,0.74,,
Laura2_30_Pyrolysis_R3_T3,18,Laura2,30,Pyrolysis,R3,T3,5/4/21,15:46,1456,24.3,0.753,,
Laura2_30_Mix_R3_T3,30,Laura2,30,Mix,R3,T3,5/4/21,15:46,1456,24.3,0.909,,
Laura2_37_TPA_R3_T3,42,Laura2,37,TPA,R3,T3,5/4/21,15:46,1456,24.3,0.609,,
Laura2_37_Pyrolysis_R3_T3,54,Laura2,37,Pyrolysis,R3,T3,5/4/21,15:46,1456,24.3,0.617,,
Laura2_37_Mix_R3_T3,66,Laura2,37,Mix,R3,T3,5/4/21,15:46,1456,24.3,0.536,,
Emma2_30_TPA_R1_T3,7,Emma2,30,TPA,R1,T3,5/4/21,15:46,1456,24.3,0.526,,
Emma2_30_Pyrolysis_R1_T3,19,Emma2,30,Pyrolysis,R1,T3,5/4/21,15:46,1456,24.3,0.386,,
Emma2_30_Mix_R1_T3,31,Emma2,30,Mix,R1,T3,5/4/21,15:46,1456,24.3,0.425,,
Emma2_37_TPA_R1_T3,43,Emma2,37,TPA,R1,T3,5/4/21,15:46,1456,24.3,0.488,,
Emma2_37_Pyrolysis_R1_T3,55,Emma2,37,Pyrolysis,R1,T3,5/4/21,15:46,1456,24.3,0.269,,
Emma2_37_Mix_R1_T3,67,Emma2,37,Mix,R1,T3,5/4/21,15:46,1456,24.3,0.261,,
Emma2_30_TPA_R2_T3,8,Emma2,30,TPA,R2,T3,5/4/21,15:46,1456,24.3,0.707,,
Emma2_30_Pyrolysis_R2_T3,20,Emma2,30,Pyrolysis,R2,T3,5/4/21,15:46,1456,24.3,0.894,,
Emma2_30_Mix_R2_T3,32,Emma2,30,Mix,R2,T3,5/4/21,15:46,1456,24.3,0.389,,
Emma2_37_TPA_R2_T3,44,Emma2,37,TPA,R2,T3,5/4/21,15:46,1456,24.3,0.876,,
Emma2_37_Pyrolysis_R2_T3,56,Emma2,37,Pyrolysis,R2,T3,5/4/21,15:46,1456,24.3,0.467,,
Emma2_37_Mix_R2_T3,68,Emma2,37,Mix,R2,T3,5/4/21,15:46,1456,24.3,0.328,,
Emma2_30_TPA_R3_T3,9,Emma2,30,TPA,R3,T3,5/4/21,15:46,1456,24.3,0.601,,
Emma2_30_Pyrolysis_R3_T3,21,Emma2,30,Pyrolysis,R3,T3,5/4/21,15:46,1456,24.3,0.908,,
Emma2_30_Mix_R3_T3,33,Emma2,30,Mix,R3,T3,5/4/21,15:46,1456,24.3,0.509,,
Emma2_37_TPA_R3_T3,45,Emma2,37,TPA,R3,T3,5/4/21,15:46,1456,24.3,0.683,,
Emma2_37_Pyrolysis_R3_T3,57,Emma2,37,Pyrolysis,R3,T3,5/4/21,15:46,1456,24.3,0.325,,
Emma2_37_Mix_R3_T3,69,Emma2,37,Mix,R3,T3,5/4/21,15:46,1456,24.3,0.723,,
Blank_30_TPA_R1_T3,10,Blank,30,TPA,R1,T3,5/4/21,15:46,1456,24.3,0.085,,
Blank_30_Pyrolysis_R1_T3,22,Blank,30,Pyrolysis,R1,T3,5/4/21,15:46,1456,24.3,0.281,,
Blank_30_Mix_R1_T3,34,Blank,30,Mix,R1,T3,5/4/21,15:46,1456,24.3,0.189,,
Blank_37_TPA_R1_T3,46,Blank,37,TPA,R1,T3,5/4/21,15:46,1456,24.3,0.095,,
Blank_37_Pyrolysis_R1_T3,58,Blank,37,Pyrolysis,R1,T3,5/4/21,15:46,1456,24.3,0.174,,
Blank_37_Mix_R1_T3,70,Blank,37,Mix,R1,T3,5/4/21,15:46,1456,24.3,0.262,,
Blank_30_TPA_R2_T3,11,Blank,30,TPA,R2,T3,5/4/21,15:46,1456,24.3,0.084,,
Blank_30_Pyrolysis_R2_T3,23,Blank,30,Pyrolysis,R2,T3,5/4/21,15:46,1456,24.3,0.161,,
Blank_30_Mix_R2_T3,35,Blank,30,Mix,R2,T3,5/4/21,15:46,1456,24.3,0.093,,
Blank_37_TPA_R2_T3,47,Blank,37,TPA,R2,T3,5/4/21,15:46,1456,24.3,0.08,,
Blank_37_Pyrolysis_R2_T3,59,Blank,37,Pyrolysis,R2,T3,5/4/21,15:46,1456,24.3,0.217,,
Blank_37_Mix_R2_T3,71,Blank,37,Mix,R2,T3,5/4/21,15:46,1456,24.3,0.149,,
Blank_30_TPA_R3_T3,12,Blank,30,TPA,R3,T3,5/4/21,15:46,1456,24.3,0.091,,
Blank_30_Pyrolysis_R3_T3,24,Blank,30,Pyrolysis,R3,T3,5/4/21,15:46,1456,24.3,0.153,,
Blank_30_Mix_R3_T3,36,Blank,30,Mix,R3,T3,5/4/21,15:46,1456,24.3,0.228,,
Blank_37_TPA_R3_T3,48,Blank,37,TPA,R3,T3,5/4/21,15:46,1456,24.3,0.079,,
Blank_37_Pyrolysis_R3_T3,60,Blank,37,Pyrolysis,R3,T3,5/4/21,15:46,1456,24.3,0.203,,
Blank_37_Mix_R3_T3,72,Blank,37,Mix,R3,T3,5/4/21,15:46,1456,24.3,0.091,,
Laura1_30_TPA_R1_T4,1,Laura1,30,TPA,R1,T4,5/5/21,12:00,2670,44.5,0.774742,,
Laura1_30_Pyrolysis_R1_T4,13,Laura1,30,Pyrolysis,R1,T4,5/5/21,12:00,2670,44.5,0.402599,,
Laura1_30_Mix_R1_T4,25,Laura1,30,Mix,R1,T4,5/5/21,12:00,2670,44.5,0.382896,,
Laura1_37_TPA_R1_T4,37,Laura1,37,TPA,R1,T4,5/5/21,12:00,2670,44.5,1.258845,,
Laura1_37_Pyrolysis_R1_T4,49,Laura1,37,Pyrolysis,R1,T4,5/5/21,12:00,2670,44.5,0.649974,,
Laura1_37_Mix_R1_T4,61,Laura1,37,Mix,R1,T4,5/5/21,12:00,2670,44.5,0.82514,,
Laura1_30_TPA_R2_T4,2,Laura1,30,TPA,R2,T4,5/5/21,12:00,2670,44.5,0.572331,,
Laura1_30_Pyrolysis_R2_T4,14,Laura1,30,Pyrolysis,R2,T4,5/5/21,12:00,2670,44.5,0.40483,,
Laura1_30_Mix_R2_T4,26,Laura1,30,Mix,R2,T4,5/5/21,12:00,2670,44.5,0.896187,,
Laura1_37_TPA_R2_T4,38,Laura1,37,TPA,R2,T4,5/5/21,12:00,2670,44.5,1.111097,,
Laura1_37_Pyrolysis_R2_T4,50,Laura1,37,Pyrolysis,R2,T4,5/5/21,12:00,2670,44.5,0.453899,,
Laura1_37_Mix_R2_T4,62,Laura1,37,Mix,R2,T4,5/5/21,12:00,2670,44.5,0.390902,,
Laura1_30_TPA_R3_T4,3,Laura1,30,TPA,R3,T4,5/5/21,12:00,2670,44.5,0.669111,,
Laura1_30_Pyrolysis_R3_T4,15,Laura1,30,Pyrolysis,R3,T4,5/5/21,12:00,2670,44.5,0.423349,,
Laura1_30_Mix_R3_T4,27,Laura1,30,Mix,R3,T4,5/5/21,12:00,2670,44.5,0.22476,,
Laura1_37_TPA_R3_T4,39,Laura1,37,TPA,R3,T4,5/5/21,12:00,2670,44.5,1.12875,,
Laura1_37_Pyrolysis_R3_T4,51,Laura1,37,Pyrolysis,R3,T4,5/5/21,12:00,2670,44.5,1.163418,,
Laura1_37_Mix_R3_T4,63,Laura1,37,Mix,R3,T4,5/5/21,12:00,2670,44.5,1.332029,,
Laura2_30_TPA_R1_T4,4,Laura2,30,TPA,R1,T4,5/5/21,12:00,2670,44.5,0.592538,,
Laura2_30_Pyrolysis_R1_T4,16,Laura2,30,Pyrolysis,R1,T4,5/5/21,12:00,2670,44.5,0.589318,,
Laura2_30_Mix_R1_T4,28,Laura2,30,Mix,R1,T4,5/5/21,12:00,2670,44.5,0.816874,,
Laura2_37_TPA_R1_T4,40,Laura2,37,TPA,R1,T4,5/5/21,12:00,2670,44.5,1.064778,,
Laura2_37_Pyrolysis_R1_T4,52,Laura2,37,Pyrolysis,R1,T4,5/5/21,12:00,2670,44.5,1.168279,,
Laura2_37_Mix_R1_T4,64,Laura2,37,Mix,R1,T4,5/5/21,12:00,2670,44.5,0.488103,,
Laura2_30_TPA_R2_T4,5,Laura2,30,TPA,R2,T4,5/5/21,12:00,2670,44.5,0.953522,,
Laura2_30_Pyrolysis_R2_T4,17,Laura2,30,Pyrolysis,R2,T4,5/5/21,12:00,2670,44.5,0.482144,,
Laura2_30_Mix_R2_T4,29,Laura2,30,Mix,R2,T4,5/5/21,12:00,2670,44.5,0.811485,,
Laura2_37_TPA_R2_T4,41,Laura2,37,TPA,R2,T4,5/5/21,12:00,2670,44.5,1.089875,,
Laura2_37_Pyrolysis_R2_T4,53,Laura2,37,Pyrolysis,R2,T4,5/5/21,12:00,2670,44.5,1.190127,,
Laura2_37_Mix_R2_T4,65,Laura2,37,Mix,R2,T4,5/5/21,12:00,2670,44.5,1.544987,,
Laura2_30_TPA_R3_T4,6,Laura2,30,TPA,R3,T4,5/5/21,12:00,2670,44.5,1.000832,,
Laura2_30_Pyrolysis_R3_T4,18,Laura2,30,Pyrolysis,R3,T4,5/5/21,12:00,2670,44.5,0.889492,,
Laura2_30_Mix_R3_T4,30,Laura2,30,Mix,R3,T4,5/5/21,12:00,2670,44.5,0.819206,,
Laura2_37_TPA_R3_T4,42,Laura2,37,TPA,R3,T4,5/5/21,12:00,2670,44.5,0.80842,,
Laura2_37_Pyrolysis_R3_T4,54,Laura2,37,Pyrolysis,R3,T4,5/5/21,12:00,2670,44.5,0.652849,,
Laura2_37_Mix_R3_T4,66,Laura2,37,Mix,R3,T4,5/5/21,12:00,2670,44.5,0.815582,,
Emma2_30_TPA_R1_T4,7,Emma2,30,TPA,R1,T4,5/5/21,12:00,2670,44.5,0.757518,,
Emma2_30_Pyrolysis_R1_T4,19,Emma2,30,Pyrolysis,R1,T4,5/5/21,12:00,2670,44.5,0.372315,,
Emma2_30_Mix_R1_T4,31,Emma2,30,Mix,R1,T4,5/5/21,12:00,2670,44.5,0.940334,,
Emma2_37_TPA_R1_T4,43,Emma2,37,TPA,R1,T4,5/5/21,12:00,2670,44.5,1.160256,,
Emma2_37_Pyrolysis_R1_T4,55,Emma2,37,Pyrolysis,R1,T4,5/5/21,12:00,2670,44.5,0.519238,,
Emma2_37_Mix_R1_T4,67,Emma2,37,Mix,R1,T4,5/5/21,12:00,2670,44.5,0.714842,,
Emma2_30_TPA_R2_T4,8,Emma2,30,TPA,R2,T4,5/5/21,12:00,2670,44.5,0.944444,,
Emma2_30_Pyrolysis_R2_T4,20,Emma2,30,Pyrolysis,R2,T4,5/5/21,12:00,2670,44.5,0.478052,,
Emma2_30_Mix_R2_T4,32,Emma2,30,Mix,R2,T4,5/5/21,12:00,2670,44.5,0.621742,,
Emma2_37_TPA_R2_T4,44,Emma2,37,TPA,R2,T4,5/5/21,12:00,2670,44.5,1.366924,,
Emma2_37_Pyrolysis_R2_T4,56,Emma2,37,Pyrolysis,R2,T4,5/5/21,12:00,2670,44.5,0.849034,,
Emma2_37_Mix_R2_T4,68,Emma2,37,Mix,R2,T4,5/5/21,12:00,2670,44.5,1.265137,,
Emma2_30_TPA_R3_T4,9,Emma2,30,TPA,R3,T4,5/5/21,12:00,2670,44.5,0.395623,,
Emma2_30_Pyrolysis_R3_T4,21,Emma2,30,Pyrolysis,R3,T4,5/5/21,12:00,2670,44.5,1.066217,,
Emma2_30_Mix_R3_T4,33,Emma2,30,Mix,R3,T4,5/5/21,12:00,2670,44.5,0.334106,,
Emma2_37_TPA_R3_T4,45,Emma2,37,TPA,R3,T4,5/5/21,12:00,2670,44.5,1.216965,,
Emma2_37_Pyrolysis_R3_T4,57,Emma2,37,Pyrolysis,R3,T4,5/5/21,12:00,2670,44.5,0.991569,,
Emma2_37_Mix_R3_T4,69,Emma2,37,Mix,R3,T4,5/5/21,12:00,2670,44.5,1.609924,,
Blank_30_TPA_R1_T4,10,Blank,30,TPA,R1,T4,5/5/21,12:00,2670,44.5,0.121181,,
Blank_30_Pyrolysis_R1_T4,22,Blank,30,Pyrolysis,R1,T4,5/5/21,12:00,2670,44.5,0.233197,,
Blank_30_Mix_R1_T4,34,Blank,30,Mix,R1,T4,5/5/21,12:00,2670,44.5,0.200306,,
Blank_37_TPA_R1_T4,46,Blank,37,TPA,R1,T4,5/5/21,12:00,2670,44.5,0.188444,,
Blank_37_Pyrolysis_R1_T4,58,Blank,37,Pyrolysis,R1,T4,5/5/21,12:00,2670,44.5,0.312121,,
Blank_37_Mix_R1_T4,70,Blank,37,Mix,R1,T4,5/5/21,12:00,2670,44.5,0.463179,,
Blank_30_TPA_R2_T4,11,Blank,30,TPA,R2,T4,5/5/21,12:00,2670,44.5,0.103663,,
Blank_30_Pyrolysis_R2_T4,23,Blank,30,Pyrolysis,R2,T4,5/5/21,12:00,2670,44.5,0.122147,,
Blank_30_Mix_R2_T4,35,Blank,30,Mix,R2,T4,5/5/21,12:00,2670,44.5,0.167456,,
Blank_37_TPA_R2_T4,47,Blank,37,TPA,R2,T4,5/5/21,12:00,2670,44.5,0.179384,,
Blank_37_Pyrolysis_R2_T4,59,Blank,37,Pyrolysis,R2,T4,5/5/21,12:00,2670,44.5,0.262496,,
Blank_37_Mix_R2_T4,71,Blank,37,Mix,R2,T4,5/5/21,12:00,2670,44.5,0.442196,,
Blank_30_TPA_R3_T4,12,Blank,30,TPA,R3,T4,5/5/21,12:00,2670,44.5,0.109951,,
Blank_30_Pyrolysis_R3_T4,24,Blank,30,Pyrolysis,R3,T4,5/5/21,12:00,2670,44.5,0.127874,,
Blank_30_Mix_R3_T4,36,Blank,30,Mix,R3,T4,5/5/21,12:00,2670,44.5,0.209767,,
Blank_37_TPA_R3_T4,48,Blank,37,TPA,R3,T4,5/5/21,12:00,2670,44.5,0.169366,,
Blank_37_Pyrolysis_R3_T4,60,Blank,37,Pyrolysis,R3,T4,5/5/21,12:00,2670,44.5,0.220937,,
Blank_37_Mix_R3_T4,72,Blank,37,Mix,R3,T4,5/5/21,12:00,2670,44.5,0.328122,,
Laura1_30_TPA_R1_T5,1,Laura1,30,TPA,R1,T5,5/5/21,15:30,2880,48,0.765228,,
Laura1_30_Pyrolysis_R1_T5,13,Laura1,30,Pyrolysis,R1,T5,5/5/21,15:30,2880,48,0.444804,,
Laura1_30_Mix_R1_T5,25,Laura1,30,Mix,R1,T5,5/5/21,15:30,2880,48,0.60261,,
Laura1_37_TPA_R1_T5,37,Laura1,37,TPA,R1,T5,5/5/21,15:30,2880,48,1.389674,,
Laura1_37_Pyrolysis_R1_T5,49,Laura1,37,Pyrolysis,R1,T5,5/5/21,15:30,2880,48,0.953172,,
Laura1_37_Mix_R1_T5,61,Laura1,37,Mix,R1,T5,5/5/21,15:30,2880,48,0.862253,,
Laura1_30_TPA_R2_T5,2,Laura1,30,TPA,R2,T5,5/5/21,15:30,2880,48,0.573118,,
Laura1_30_Pyrolysis_R2_T5,14,Laura1,30,Pyrolysis,R2,T5,5/5/21,15:30,2880,48,0.477928,,
Laura1_30_Mix_R2_T5,26,Laura1,30,Mix,R2,T5,5/5/21,15:30,2880,48,0.917214,,
Laura1_37_TPA_R2_T5,38,Laura1,37,TPA,R2,T5,5/5/21,15:30,2880,48,1.165111,,
Laura1_37_Pyrolysis_R2_T5,50,Laura1,37,Pyrolysis,R2,T5,5/5/21,15:30,2880,48,0.582377,,
Laura1_37_Mix_R2_T5,62,Laura1,37,Mix,R2,T5,5/5/21,15:30,2880,48,0.424622,,
Laura1_30_TPA_R3_T5,3,Laura1,30,TPA,R3,T5,5/5/21,15:30,2880,48,0.702852,,
Laura1_30_Pyrolysis_R3_T5,15,Laura1,30,Pyrolysis,R3,T5,5/5/21,15:30,2880,48,0.666584,,
Laura1_30_Mix_R3_T5,27,Laura1,30,Mix,R3,T5,5/5/21,15:30,2880,48,0.293924,,
Laura1_37_TPA_R3_T5,39,Laura1,37,TPA,R3,T5,5/5/21,15:30,2880,48,1.17037,,
Laura1_37_Pyrolysis_R3_T5,51,Laura1,37,Pyrolysis,R3,T5,5/5/21,15:30,2880,48,1.321126,,
Laura1_37_Mix_R3_T5,63,Laura1,37,Mix,R3,T5,5/5/21,15:30,2880,48,1.496022,,
Laura2_30_TPA_R1_T5,4,Laura2,30,TPA,R1,T5,5/5/21,15:30,2880,48,0.545663,,
Laura2_30_Pyrolysis_R1_T5,16,Laura2,30,Pyrolysis,R1,T5,5/5/21,15:30,2880,48,0.695598,,
Laura2_30_Mix_R1_T5,28,Laura2,30,Mix,R1,T5,5/5/21,15:30,2880,48,1.0997,,
Laura2_37_TPA_R1_T5,40,Laura2,37,TPA,R1,T5,5/5/21,15:30,2880,48,1.185817,,
Laura2_37_Pyrolysis_R1_T5,52,Laura2,37,Pyrolysis,R1,T5,5/5/21,15:30,2880,48,1.194519,,
Laura2_37_Mix_R1_T5,64,Laura2,37,Mix,R1,T5,5/5/21,15:30,2880,48,0.663489,,
Laura2_30_TPA_R2_T5,5,Laura2,30,TPA,R2,T5,5/5/21,15:30,2880,48,1.045895,,
Laura2_30_Pyrolysis_R2_T5,17,Laura2,30,Pyrolysis,R2,T5,5/5/21,15:30,2880,48,0.711,,
Laura2_30_Mix_R2_T5,29,Laura2,30,Mix,R2,T5,5/5/21,15:30,2880,48,1.130117,,
Laura2_37_TPA_R2_T5,41,Laura2,37,TPA,R2,T5,5/5/21,15:30,2880,48,1.265724,,
Laura2_37_Pyrolysis_R2_T5,53,Laura2,37,Pyrolysis,R2,T5,5/5/21,15:30,2880,48,1.283543,,
Laura2_37_Mix_R2_T5,65,Laura2,37,Mix,R2,T5,5/5/21,15:30,2880,48,1.694285,,
Laura2_30_TPA_R3_T5,6,Laura2,30,TPA,R3,T5,5/5/21,15:30,2880,48,1.005928,,
Laura2_30_Pyrolysis_R3_T5,18,Laura2,30,Pyrolysis,R3,T5,5/5/21,15:30,2880,48,1.01754,,
Laura2_30_Mix_R3_T5,30,Laura2,30,Mix,R3,T5,5/5/21,15:30,2880,48,0.822922,,
Laura2_37_TPA_R3_T5,42,Laura2,37,TPA,R3,T5,5/5/21,15:30,2880,48,0.90362,,
Laura2_37_Pyrolysis_R3_T5,54,Laura2,37,Pyrolysis,R3,T5,5/5/21,15:30,2880,48,0.594886,,
Laura2_37_Mix_R3_T5,66,Laura2,37,Mix,R3,T5,5/5/21,15:30,2880,48,0.988731,,
Emma2_30_TPA_R1_T5,7,Emma2,30,TPA,R1,T5,5/5/21,15:30,2880,48,0.853212,,
Emma2_30_Pyrolysis_R1_T5,19,Emma2,30,Pyrolysis,R1,T5,5/5/21,15:30,2880,48,0.382139,,
Emma2_30_Mix_R1_T5,31,Emma2,30,Mix,R1,T5,5/5/21,15:30,2880,48,0.994909,,
Emma2_37_TPA_R1_T5,43,Emma2,37,TPA,R1,T5,5/5/21,15:30,2880,48,0.864496,,
Emma2_37_Pyrolysis_R1_T5,55,Emma2,37,Pyrolysis,R1,T5,5/5/21,15:30,2880,48,1.038179,,
Emma2_37_Mix_R1_T5,67,Emma2,37,Mix,R1,T5,5/5/21,15:30,2880,48,0.873403,,
Emma2_30_TPA_R2_T5,8,Emma2,30,TPA,R2,T5,5/5/21,15:30,2880,48,1.141045,,
Emma2_30_Pyrolysis_R2_T5,20,Emma2,30,Pyrolysis,R2,T5,5/5/21,15:30,2880,48,0.614602,,
Emma2_30_Mix_R2_T5,32,Emma2,30,Mix,R2,T5,5/5/21,15:30,2880,48,0.671808,,
Emma2_37_TPA_R2_T5,44,Emma2,37,TPA,R2,T5,5/5/21,15:30,2880,48,1.489722,,
Emma2_37_Pyrolysis_R2_T5,56,Emma2,37,Pyrolysis,R2,T5,5/5/21,15:30,2880,48,0.51504,,
Emma2_37_Mix_R2_T5,68,Emma2,37,Mix,R2,T5,5/5/21,15:30,2880,48,1.480233,,
Emma2_30_TPA_R3_T5,9,Emma2,30,TPA,R3,T5,5/5/21,15:30,2880,48,0.639178,,
Emma2_30_Pyrolysis_R3_T5,21,Emma2,30,Pyrolysis,R3,T5,5/5/21,15:30,2880,48,1.14444,,
Emma2_30_Mix_R3_T5,33,Emma2,30,Mix,R3,T5,5/5/21,15:30,2880,48,0.458351,,
Emma2_37_TPA_R3_T5,45,Emma2,37,TPA,R3,T5,5/5/21,15:30,2880,48,1.392518,,
Emma2_37_Pyrolysis_R3_T5,57,Emma2,37,Pyrolysis,R3,T5,5/5/21,15:30,2880,48,0.943457,,
Emma2_37_Mix_R3_T5,69,Emma2,37,Mix,R3,T5,5/5/21,15:30,2880,48,1.673348,,
Blank_30_TPA_R1_T5,10,Blank,30,TPA,R1,T5,5/5/21,15:30,2880,48,0.118751,,
Blank_30_Pyrolysis_R1_T5,22,Blank,30,Pyrolysis,R1,T5,5/5/21,15:30,2880,48,0.271666,,
Blank_30_Mix_R1_T5,34,Blank,30,Mix,R1,T5,5/5/21,15:30,2880,48,0.263082,,
Blank_37_TPA_R1_T5,46,Blank,37,TPA,R1,T5,5/5/21,15:30,2880,48,0.236079,,
Blank_37_Pyrolysis_R1_T5,58,Blank,37,Pyrolysis,R1,T5,5/5/21,15:30,2880,48,0.232719,,
Blank_37_Mix_R1_T5,70,Blank,37,Mix,R1,T5,5/5/21,15:30,2880,48,0.200495,,
Blank_30_TPA_R2_T5,11,Blank,30,TPA,R2,T5,5/5/21,15:30,2880,48,0.104039,,
Blank_30_Pyrolysis_R2_T5,23,Blank,30,Pyrolysis,R2,T5,5/5/21,15:30,2880,48,0.148063,,
Blank_30_Mix_R2_T5,35,Blank,30,Mix,R2,T5,5/5/21,15:30,2880,48,0.175173,,
Blank_37_TPA_R2_T5,47,Blank,37,TPA,R2,T5,5/5/21,15:30,2880,48,0.219918,,
Blank_37_Pyrolysis_R2_T5,59,Blank,37,Pyrolysis,R2,T5,5/5/21,15:30,2880,48,0.400545,,
Blank_37_Mix_R2_T5,71,Blank,37,Mix,R2,T5,5/5/21,15:30,2880,48,0.223936,,
Blank_30_TPA_R3_T5,12,Blank,30,TPA,R3,T5,5/5/21,15:30,2880,48,0.109592,,
Blank_30_Pyrolysis_R3_T5,24,Blank,30,Pyrolysis,R3,T5,5/5/21,15:30,2880,48,0.126316,,
Blank_30_Mix_R3_T5,36,Blank,30,Mix,R3,T5,5/5/21,15:30,2880,48,0.195217,,
Blank_37_TPA_R3_T5,48,Blank,37,TPA,R3,T5,5/5/21,15:30,2880,48,0.180731,,
Blank_37_Pyrolysis_R3_T5,60,Blank,37,Pyrolysis,R3,T5,5/5/21,15:30,2880,48,0.233126,,
Blank_37_Mix_R3_T5,72,Blank,37,Mix,R3,T5,5/5/21,15:30,2880,48,0.139103,,
Laura1_30_TPA_R1_T6,1,Laura1,30,TPA,R1,T6,5/6/21,9:40,3970,66.2,0.861,,
Laura1_30_Pyrolysis_R1_T6,13,Laura1,30,Pyrolysis,R1,T6,5/6/21,9:40,3970,66.2,0.418,,
Laura1_30_Mix_R1_T6,25,Laura1,30,Mix,R1,T6,5/6/21,9:40,3970,66.2,0.521,,
Laura1_37_TPA_R1_T6,37,Laura1,37,TPA,R1,T6,5/6/21,9:40,3970,66.2,1.54,,
Laura1_37_Pyrolysis_R1_T6,49,Laura1,37,Pyrolysis,R1,T6,5/6/21,9:40,3970,66.2,0.918,,
Laura1_37_Mix_R1_T6,61,Laura1,37,Mix,R1,T6,5/6/21,9:40,3970,66.2,1.036,,
Laura1_30_TPA_R2_T6,2,Laura1,30,TPA,R2,T6,5/6/21,9:40,3970,66.2,0.539,,
Laura1_30_Pyrolysis_R2_T6,14,Laura1,30,Pyrolysis,R2,T6,5/6/21,9:40,3970,66.2,0.618,,
Laura1_30_Mix_R2_T6,26,Laura1,30,Mix,R2,T6,5/6/21,9:40,3970,66.2,1.112,,
Laura1_37_TPA_R2_T6,38,Laura1,37,TPA,R2,T6,5/6/21,9:40,3970,66.2,1.318,,
Laura1_37_Pyrolysis_R2_T6,50,Laura1,37,Pyrolysis,R2,T6,5/6/21,9:40,3970,66.2,0.298,,
Laura1_37_Mix_R2_T6,62,Laura1,37,Mix,R2,T6,5/6/21,9:40,3970,66.2,0.385,,
Laura1_30_TPA_R3_T6,3,Laura1,30,TPA,R3,T6,5/6/21,9:40,3970,66.2,0.771,,
Laura1_30_Pyrolysis_R3_T6,15,Laura1,30,Pyrolysis,R3,T6,5/6/21,9:40,3970,66.2,0.498,,
Laura1_30_Mix_R3_T6,27,Laura1,30,Mix,R3,T6,5/6/21,9:40,3970,66.2,0.432,,
Laura1_37_TPA_R3_T6,39,Laura1,37,TPA,R3,T6,5/6/21,9:40,3970,66.2,1.115,,
Laura1_37_Pyrolysis_R3_T6,51,Laura1,37,Pyrolysis,R3,T6,5/6/21,9:40,3970,66.2,1.293,,
Laura1_37_Mix_R3_T6,63,Laura1,37,Mix,R3,T6,5/6/21,9:40,3970,66.2,1.407,,
Laura2_30_TPA_R1_T6,4,Laura2,30,TPA,R1,T6,5/6/21,9:40,3970,66.2,0.605,,
Laura2_30_Pyrolysis_R1_T6,16,Laura2,30,Pyrolysis,R1,T6,5/6/21,9:40,3970,66.2,0.616,,
Laura2_30_Mix_R1_T6,28,Laura2,30,Mix,R1,T6,5/6/21,9:40,3970,66.2,1.179,,
Laura2_37_TPA_R1_T6,40,Laura2,37,TPA,R1,T6,5/6/21,9:40,3970,66.2,0.966,,
Laura2_37_Pyrolysis_R1_T6,52,Laura2,37,Pyrolysis,R1,T6,5/6/21,9:40,3970,66.2,0.953,,
Laura2_37_Mix_R1_T6,64,Laura2,37,Mix,R1,T6,5/6/21,9:40,3970,66.2,0.729,,
Laura2_30_TPA_R2_T6,5,Laura2,30,TPA,R2,T6,5/6/21,9:40,3970,66.2,1.123,,
Laura2_30_Pyrolysis_R2_T6,17,Laura2,30,Pyrolysis,R2,T6,5/6/21,9:40,3970,66.2,0.522,,
Laura2_30_Mix_R2_T6,29,Laura2,30,Mix,R2,T6,5/6/21,9:40,3970,66.2,0.707,,
Laura2_37_TPA_R2_T6,41,Laura2,37,TPA,R2,T6,5/6/21,9:40,3970,66.2,1.278,,
Laura2_37_Pyrolysis_R2_T6,53,Laura2,37,Pyrolysis,R2,T6,5/6/21,9:40,3970,66.2,1.504,,
Laura2_37_Mix_R2_T6,65,Laura2,37,Mix,R2,T6,5/6/21,9:40,3970,66.2,1.785,,
Laura2_30_TPA_R3_T6,6,Laura2,30,TPA,R3,T6,5/6/21,9:40,3970,66.2,1.157,,
Laura2_30_Pyrolysis_R3_T6,18,Laura2,30,Pyrolysis,R3,T6,5/6/21,9:40,3970,66.2,0.842,,
Laura2_30_Mix_R3_T6,30,Laura2,30,Mix,R3,T6,5/6/21,9:40,3970,66.2,0.587,,
Laura2_37_TPA_R3_T6,42,Laura2,37,TPA,R3,T6,5/6/21,9:40,3970,66.2,1.13,,
Laura2_37_Pyrolysis_R3_T6,54,Laura2,37,Pyrolysis,R3,T6,5/6/21,9:40,3970,66.2,0.586,,
Laura2_37_Mix_R3_T6,66,Laura2,37,Mix,R3,T6,5/6/21,9:40,3970,66.2,1.148,,
Emma2_30_TPA_R1_T6,7,Emma2,30,TPA,R1,T6,5/6/21,9:40,3970,66.2,1.081,,
Emma2_30_Pyrolysis_R1_T6,19,Emma2,30,Pyrolysis,R1,T6,5/6/21,9:40,3970,66.2,0.373,,
Emma2_30_Mix_R1_T6,31,Emma2,30,Mix,R1,T6,5/6/21,9:40,3970,66.2,0.663,,
Emma2_37_TPA_R1_T6,43,Emma2,37,TPA,R1,T6,5/6/21,9:40,3970,66.2,0.852,,
Emma2_37_Pyrolysis_R1_T6,55,Emma2,37,Pyrolysis,R1,T6,5/6/21,9:40,3970,66.2,0.767,,
Emma2_37_Mix_R1_T6,67,Emma2,37,Mix,R1,T6,5/6/21,9:40,3970,66.2,0.971,,
Emma2_30_TPA_R2_T6,8,Emma2,30,TPA,R2,T6,5/6/21,9:40,3970,66.2,1.228,,
Emma2_30_Pyrolysis_R2_T6,20,Emma2,30,Pyrolysis,R2,T6,5/6/21,9:40,3970,66.2,0.686,,
Emma2_30_Mix_R2_T6,32,Emma2,30,Mix,R2,T6,5/6/21,9:40,3970,66.2,0.573,,
Emma2_37_TPA_R2_T6,44,Emma2,37,TPA,R2,T6,5/6/21,9:40,3970,66.2,1.476,,
Emma2_37_Pyrolysis_R2_T6,56,Emma2,37,Pyrolysis,R2,T6,5/6/21,9:40,3970,66.2,0.781,,
Emma2_37_Mix_R2_T6,68,Emma2,37,Mix,R2,T6,5/6/21,9:40,3970,66.2,1.349,,
Emma2_30_TPA_R3_T6,9,Emma2,30,TPA,R3,T6,5/6/21,9:40,3970,66.2,0.972,,
Emma2_30_Pyrolysis_R3_T6,21,Emma2,30,Pyrolysis,R3,T6,5/6/21,9:40,3970,66.2,1.148,,
Emma2_30_Mix_R3_T6,33,Emma2,30,Mix,R3,T6,5/6/21,9:40,3970,66.2,0.691,,
Emma2_37_TPA_R3_T6,45,Emma2,37,TPA,R3,T6,5/6/21,9:40,3970,66.2,1.417,,
Emma2_37_Pyrolysis_R3_T6,57,Emma2,37,Pyrolysis,R3,T6,5/6/21,9:40,3970,66.2,0.579,,
Emma2_37_Mix_R3_T6,69,Emma2,37,Mix,R3,T6,5/6/21,9:40,3970,66.2,1.566,,
Blank_30_TPA_R1_T6,10,Blank,30,TPA,R1,T6,5/6/21,9:40,3970,66.2,0.085,,
Blank_30_Pyrolysis_R1_T6,22,Blank,30,Pyrolysis,R1,T6,5/6/21,9:40,3970,66.2,0.219,,
Blank_30_Mix_R1_T6,34,Blank,30,Mix,R1,T6,5/6/21,9:40,3970,66.2,0.168,,
Blank_37_TPA_R1_T6,46,Blank,37,TPA,R1,T6,5/6/21,9:40,3970,66.2,0.105,,
Blank_37_Pyrolysis_R1_T6,58,Blank,37,Pyrolysis,R1,T6,5/6/21,9:40,3970,66.2,0.162,,
Blank_37_Mix_R1_T6,70,Blank,37,Mix,R1,T6,5/6/21,9:40,3970,66.2,0.186,,
Blank_30_TPA_R2_T6,11,Blank,30,TPA,R2,T6,5/6/21,9:40,3970,66.2,0.079,,
Blank_30_Pyrolysis_R2_T6,23,Blank,30,Pyrolysis,R2,T6,5/6/21,9:40,3970,66.2,0.121,,
Blank_30_Mix_R2_T6,35,Blank,30,Mix,R2,T6,5/6/21,9:40,3970,66.2,0.103,,
Blank_37_TPA_R2_T6,47,Blank,37,TPA,R2,T6,5/6/21,9:40,3970,66.2,0.091,,
Blank_37_Pyrolysis_R2_T6,59,Blank,37,Pyrolysis,R2,T6,5/6/21,9:40,3970,66.2,0.132,,
Blank_37_Mix_R2_T6,71,Blank,37,Mix,R2,T6,5/6/21,9:40,3970,66.2,0.189,,
Blank_30_TPA_R3_T6,12,Blank,30,TPA,R3,T6,5/6/21,9:40,3970,66.2,0.088,,
Blank_30_Pyrolysis_R3_T6,24,Blank,30,Pyrolysis,R3,T6,5/6/21,9:40,3970,66.2,0.099,,
Blank_30_Mix_R3_T6,36,Blank,30,Mix,R3,T6,5/6/21,9:40,3970,66.2,0.191,,
Blank_37_TPA_R3_T6,48,Blank,37,TPA,R3,T6,5/6/21,9:40,3970,66.2,0.069,,
Blank_37_Pyrolysis_R3_T6,60,Blank,37,Pyrolysis,R3,T6,5/6/21,9:40,3970,66.2,0.083,,
Blank_37_Mix_R3_T6,72,Blank,37,Mix,R3,T6,5/6/21,9:40,3970,66.2,0.079,,
Laura1_30_TPA_R1_T7,1,Laura1,30,TPA,R1,T7,5/6/21,16:00,4180,69.7,1.095,,
Laura1_30_Pyrolysis_R1_T7,13,Laura1,30,Pyrolysis,R1,T7,5/6/21,16:00,4180,69.7,0.85,,
Laura1_30_Mix_R1_T7,25,Laura1,30,Mix,R1,T7,5/6/21,16:00,4180,69.7,0.586,,
Laura1_37_TPA_R1_T7,37,Laura1,37,TPA,R1,T7,5/6/21,16:00,4180,69.7,1.949,,
Laura1_37_Pyrolysis_R1_T7,49,Laura1,37,Pyrolysis,R1,T7,5/6/21,16:00,4180,69.7,1.32,,
Laura1_37_Mix_R1_T7,61,Laura1,37,Mix,R1,T7,5/6/21,16:00,4180,69.7,1.231,,
Laura1_30_TPA_R2_T7,2,Laura1,30,TPA,R2,T7,5/6/21,16:00,4180,69.7,0.699,,
Laura1_30_Pyrolysis_R2_T7,14,Laura1,30,Pyrolysis,R2,T7,5/6/21,16:00,4180,69.7,0.583,,
Laura1_30_Mix_R2_T7,26,Laura1,30,Mix,R2,T7,5/6/21,16:00,4180,69.7,1.282,,
Laura1_37_TPA_R2_T7,38,Laura1,37,TPA,R2,T7,5/6/21,16:00,4180,69.7,1.395,,
Laura1_37_Pyrolysis_R2_T7,50,Laura1,37,Pyrolysis,R2,T7,5/6/21,16:00,4180,69.7,0.407,,
Laura1_37_Mix_R2_T7,62,Laura1,37,Mix,R2,T7,5/6/21,16:00,4180,69.7,0.62,,
Laura1_30_TPA_R3_T7,3,Laura1,30,TPA,R3,T7,5/6/21,16:00,4180,69.7,1.162,,
Laura1_30_Pyrolysis_R3_T7,15,Laura1,30,Pyrolysis,R3,T7,5/6/21,16:00,4180,69.7,0.569,,
Laura1_30_Mix_R3_T7,27,Laura1,30,Mix,R3,T7,5/6/21,16:00,4180,69.7,0.581,,
Laura1_37_TPA_R3_T7,39,Laura1,37,TPA,R3,T7,5/6/21,16:00,4180,69.7,1.15,,
Laura1_37_Pyrolysis_R3_T7,51,Laura1,37,Pyrolysis,R3,T7,5/6/21,16:00,4180,69.7,1.329,,
Laura1_37_Mix_R3_T7,63,Laura1,37,Mix,R3,T7,5/6/21,16:00,4180,69.7,1.497,,
Laura2_30_TPA_R1_T7,4,Laura2,30,TPA,R1,T7,5/6/21,16:00,4180,69.7,1.076,,
Laura2_30_Pyrolysis_R1_T7,16,Laura2,30,Pyrolysis,R1,T7,5/6/21,16:00,4180,69.7,0.964,,
Laura2_30_Mix_R1_T7,28,Laura2,30,Mix,R1,T7,5/6/21,16:00,4180,69.7,1.148,,
Laura2_37_TPA_R1_T7,40,Laura2,37,TPA,R1,T7,5/6/21,16:00,4180,69.7,1.225,,
Laura2_37_Pyrolysis_R1_T7,52,Laura2,37,Pyrolysis,R1,T7,5/6/21,16:00,4180,69.7,1.108,,
Laura2_37_Mix_R1_T7,64,Laura2,37,Mix,R1,T7,5/6/21,16:00,4180,69.7,1.243,,
Laura2_30_TPA_R2_T7,5,Laura2,30,TPA,R2,T7,5/6/21,16:00,4180,69.7,1.256,,
Laura2_30_Pyrolysis_R2_T7,17,Laura2,30,Pyrolysis,R2,T7,5/6/21,16:00,4180,69.7,0.953,,
Laura2_30_Mix_R2_T7,29,Laura2,30,Mix,R2,T7,5/6/21,16:00,4180,69.7,0.658,,
Laura2_37_TPA_R2_T7,41,Laura2,37,TPA,R2,T7,5/6/21,16:00,4180,69.7,1.64,,
Laura2_37_Pyrolysis_R2_T7,53,Laura2,37,Pyrolysis,R2,T7,5/6/21,16:00,4180,69.7,1.41,,
Laura2_37_Mix_R2_T7,65,Laura2,37,Mix,R2,T7,5/6/21,16:00,4180,69.7,1.761,,
Laura2_30_TPA_R3_T7,6,Laura2,30,TPA,R3,T7,5/6/21,16:00,4180,69.7,1.668,,
Laura2_30_Pyrolysis_R3_T7,18,Laura2,30,Pyrolysis,R3,T7,5/6/21,16:00,4180,69.7,1.261,,
Laura2_30_Mix_R3_T7,30,Laura2,30,Mix,R3,T7,5/6/21,16:00,4180,69.7,0.915,,
Laura2_37_TPA_R3_T7,42,Laura2,37,TPA,R3,T7,5/6/21,16:00,4180,69.7,1.748,,
Laura2_37_Pyrolysis_R3_T7,54,Laura2,37,Pyrolysis,R3,T7,5/6/21,16:00,4180,69.7,0.968,,
Laura2_37_Mix_R3_T7,66,Laura2,37,Mix,R3,T7,5/6/21,16:00,4180,69.7,1.219,,
Emma2_30_TPA_R1_T7,7,Emma2,30,TPA,R1,T7,5/6/21,16:00,4180,69.7,1.186,,
Emma2_30_Pyrolysis_R1_T7,19,Emma2,30,Pyrolysis,R1,T7,5/6/21,16:00,4180,69.7,0.481,,
Emma2_30_Mix_R1_T7,31,Emma2,30,Mix,R1,T7,5/6/21,16:00,4180,69.7,0.753,,
Emma2_37_TPA_R1_T7,43,Emma2,37,TPA,R1,T7,5/6/21,16:00,4180,69.7,1.371,,
Emma2_37_Pyrolysis_R1_T7,55,Emma2,37,Pyrolysis,R1,T7,5/6/21,16:00,4180,69.7,0.665,,
Emma2_37_Mix_R1_T7,67,Emma2,37,Mix,R1,T7,5/6/21,16:00,4180,69.7,1.354,,
Emma2_30_TPA_R2_T7,8,Emma2,30,TPA,R2,T7,5/6/21,16:00,4180,69.7,1.493,,
Emma2_30_Pyrolysis_R2_T7,20,Emma2,30,Pyrolysis,R2,T7,5/6/21,16:00,4180,69.7,1.414,,
Emma2_30_Mix_R2_T7,32,Emma2,30,Mix,R2,T7,5/6/21,16:00,4180,69.7,0.686,,
Emma2_37_TPA_R2_T7,44,Emma2,37,TPA,R2,T7,5/6/21,16:00,4180,69.7,1.611,,
Emma2_37_Pyrolysis_R2_T7,56,Emma2,37,Pyrolysis,R2,T7,5/6/21,16:00,4180,69.7,0.751,,
Emma2_37_Mix_R2_T7,68,Emma2,37,Mix,R2,T7,5/6/21,16:00,4180,69.7,1.605,,
Emma2_30_TPA_R3_T7,9,Emma2,30,TPA,R3,T7,5/6/21,16:00,4180,69.7,1.391,,
Emma2_30_Pyrolysis_R3_T7,21,Emma2,30,Pyrolysis,R3,T7,5/6/21,16:00,4180,69.7,1.113,,
Emma2_30_Mix_R3_T7,33,Emma2,30,Mix,R3,T7,5/6/21,16:00,4180,69.7,0.421,,
Emma2_37_TPA_R3_T7,45,Emma2,37,TPA,R3,T7,5/6/21,16:00,4180,69.7,1.55,,
Emma2_37_Pyrolysis_R3_T7,57,Emma2,37,Pyrolysis,R3,T7,5/6/21,16:00,4180,69.7,1.071,,
Emma2_37_Mix_R3_T7,69,Emma2,37,Mix,R3,T7,5/6/21,16:00,4180,69.7,1.224,,
Blank_30_TPA_R1_T7,10,Blank,30,TPA,R1,T7,5/6/21,16:00,4180,69.7,0.08,,
Blank_30_Pyrolysis_R1_T7,22,Blank,30,Pyrolysis,R1,T7,5/6/21,16:00,4180,69.7,0.361,,
Blank_30_Mix_R1_T7,34,Blank,30,Mix,R1,T7,5/6/21,16:00,4180,69.7,0.255,,
Blank_37_TPA_R1_T7,46,Blank,37,TPA,R1,T7,5/6/21,16:00,4180,69.7,0.156,,
Blank_37_Pyrolysis_R1_T7,58,Blank,37,Pyrolysis,R1,T7,5/6/21,16:00,4180,69.7,0.247,,
Blank_37_Mix_R1_T7,70,Blank,37,Mix,R1,T7,5/6/21,16:00,4180,69.7,0.177,,
Blank_30_TPA_R2_T7,11,Blank,30,TPA,R2,T7,5/6/21,16:00,4180,69.7,0.073,,
Blank_30_Pyrolysis_R2_T7,23,Blank,30,Pyrolysis,R2,T7,5/6/21,16:00,4180,69.7,0.208,,
Blank_30_Mix_R2_T7,35,Blank,30,Mix,R2,T7,5/6/21,16:00,4180,69.7,0.076,,
Blank_37_TPA_R2_T7,47,Blank,37,TPA,R2,T7,5/6/21,16:00,4180,69.7,0.149,,
Blank_37_Pyrolysis_R2_T7,59,Blank,37,Pyrolysis,R2,T7,5/6/21,16:00,4180,69.7,0.205,,
Blank_37_Mix_R2_T7,71,Blank,37,Mix,R2,T7,5/6/21,16:00,4180,69.7,0.182,,
Blank_30_TPA_R3_T7,12,Blank,30,TPA,R3,T7,5/6/21,16:00,4180,69.7,0.092,,
Blank_30_Pyrolysis_R3_T7,24,Blank,30,Pyrolysis,R3,T7,5/6/21,16:00,4180,69.7,0.207,,
Blank_30_Mix_R3_T7,36,Blank,30,Mix,R3,T7,5/6/21,16:00,4180,69.7,0.199,,
Blank_37_TPA_R3_T7,48,Blank,37,TPA,R3,T7,5/6/21,16:00,4180,69.7,0.111,,
Blank_37_Pyrolysis_R3_T7,60,Blank,37,Pyrolysis,R3,T7,5/6/21,16:00,4180,69.7,0.163,,
Blank_37_Mix_R3_T7,72,Blank,37,Mix,R3,T7,5/6/21,16:00,4180,69.7,0.087,,
Laura1_30_TPA_R1_T8,1,Laura1,30,TPA,R1,T8,5/7/21,9:57,5257,87.6,0.924,,
Laura1_30_Pyrolysis_R1_T8,13,Laura1,30,Pyrolysis,R1,T8,5/7/21,9:57,5257,87.6,0.582,,
Laura1_30_Mix_R1_T8,25,Laura1,30,Mix,R1,T8,5/7/21,9:57,5257,87.6,0.583,,
Laura1_37_TPA_R1_T8,37,Laura1,37,TPA,R1,T8,5/7/21,9:57,5257,87.6,1.296,,
Laura1_37_Pyrolysis_R1_T8,49,Laura1,37,Pyrolysis,R1,T8,5/7/21,9:57,5257,87.6,1.187,,
Laura1_37_Mix_R1_T8,61,Laura1,37,Mix,R1,T8,5/7/21,9:57,5257,87.6,0.994,,
Laura1_30_TPA_R2_T8,2,Laura1,30,TPA,R2,T8,5/7/21,9:57,5257,87.6,1.11,,
Laura1_30_Pyrolysis_R2_T8,14,Laura1,30,Pyrolysis,R2,T8,5/7/21,9:57,5257,87.6,0.681,,
Laura1_30_Mix_R2_T8,26,Laura1,30,Mix,R2,T8,5/7/21,9:57,5257,87.6,1.372,,
Laura1_37_TPA_R2_T8,38,Laura1,37,TPA,R2,T8,5/7/21,9:57,5257,87.6,1.228,,
Laura1_37_Pyrolysis_R2_T8,50,Laura1,37,Pyrolysis,R2,T8,5/7/21,9:57,5257,87.6,0.405,,
Laura1_37_Mix_R2_T8,62,Laura1,37,Mix,R2,T8,5/7/21,9:57,5257,87.6,0.474,,
Laura1_30_TPA_R3_T8,3,Laura1,30,TPA,R3,T8,5/7/21,9:57,5257,87.6,0.774,,
Laura1_30_Pyrolysis_R3_T8,15,Laura1,30,Pyrolysis,R3,T8,5/7/21,9:57,5257,87.6,0.481,,
Laura1_30_Mix_R3_T8,27,Laura1,30,Mix,R3,T8,5/7/21,9:57,5257,87.6,0.681,,
Laura1_37_TPA_R3_T8,39,Laura1,37,TPA,R3,T8,5/7/21,9:57,5257,87.6,1.058,,
Laura1_37_Pyrolysis_R3_T8,51,Laura1,37,Pyrolysis,R3,T8,5/7/21,9:57,5257,87.6,1.057,,
Laura1_37_Mix_R3_T8,63,Laura1,37,Mix,R3,T8,5/7/21,9:57,5257,87.6,1.686,,
Laura2_30_TPA_R1_T8,4,Laura2,30,TPA,R1,T8,5/7/21,9:57,5257,87.6,0.781,,
Laura2_30_Pyrolysis_R1_T8,16,Laura2,30,Pyrolysis,R1,T8,5/7/21,9:57,5257,87.6,0.623,,
Laura2_30_Mix_R1_T8,28,Laura2,30,Mix,R1,T8,5/7/21,9:57,5257,87.6,1.204,,
Laura2_37_TPA_R1_T8,40,Laura2,37,TPA,R1,T8,5/7/21,9:57,5257,87.6,1.43,,
Laura2_37_Pyrolysis_R1_T8,52,Laura2,37,Pyrolysis,R1,T8,5/7/21,9:57,5257,87.6,1.066,,
Laura2_37_Mix_R1_T8,64,Laura2,37,Mix,R1,T8,5/7/21,9:57,5257,87.6,0.983,,
Laura2_30_TPA_R2_T8,5,Laura2,30,TPA,R2,T8,5/7/21,9:57,5257,87.6,1.146,,
Laura2_30_Pyrolysis_R2_T8,17,Laura2,30,Pyrolysis,R2,T8,5/7/21,9:57,5257,87.6,0.926,,
Laura2_30_Mix_R2_T8,29,Laura2,30,Mix,R2,T8,5/7/21,9:57,5257,87.6,0.674,,
Laura2_37_TPA_R2_T8,41,Laura2,37,TPA,R2,T8,5/7/21,9:57,5257,87.6,1.294,,
Laura2_37_Pyrolysis_R2_T8,53,Laura2,37,Pyrolysis,R2,T8,5/7/21,9:57,5257,87.6,1.422,,
Laura2_37_Mix_R2_T8,65,Laura2,37,Mix,R2,T8,5/7/21,9:57,5257,87.6,1.908,,
Laura2_30_TPA_R3_T8,6,Laura2,30,TPA,R3,T8,5/7/21,9:57,5257,87.6,1.402,,
Laura2_30_Pyrolysis_R3_T8,18,Laura2,30,Pyrolysis,R3,T8,5/7/21,9:57,5257,87.6,1.393,,
Laura2_30_Mix_R3_T8,30,Laura2,30,Mix,R3,T8,5/7/21,9:57,5257,87.6,0.939,,
Laura2_37_TPA_R3_T8,42,Laura2,37,TPA,R3,T8,5/7/21,9:57,5257,87.6,1.003,,
Laura2_37_Pyrolysis_R3_T8,54,Laura2,37,Pyrolysis,R3,T8,5/7/21,9:57,5257,87.6,1.127,,
Laura2_37_Mix_R3_T8,66,Laura2,37,Mix,R3,T8,5/7/21,9:57,5257,87.6,1.14,,
Emma2_30_TPA_R1_T8,7,Emma2,30,TPA,R1,T8,5/7/21,9:57,5257,87.6,1.223,,
Emma2_30_Pyrolysis_R1_T8,19,Emma2,30,Pyrolysis,R1,T8,5/7/21,9:57,5257,87.6,0.306,,
Emma2_30_Mix_R1_T8,31,Emma2,30,Mix,R1,T8,5/7/21,9:57,5257,87.6,0.525,,
Emma2_37_TPA_R1_T8,43,Emma2,37,TPA,R1,T8,5/7/21,9:57,5257,87.6,1.143,,
Emma2_37_Pyrolysis_R1_T8,55,Emma2,37,Pyrolysis,R1,T8,5/7/21,9:57,5257,87.6,0.862,,
Emma2_37_Mix_R1_T8,67,Emma2,37,Mix,R1,T8,5/7/21,9:57,5257,87.6,1.352,,
Emma2_30_TPA_R2_T8,8,Emma2,30,TPA,R2,T8,5/7/21,9:57,5257,87.6,1.738,,
Emma2_30_Pyrolysis_R2_T8,20,Emma2,30,Pyrolysis,R2,T8,5/7/21,9:57,5257,87.6,0.881,,
Emma2_30_Mix_R2_T8,32,Emma2,30,Mix,R2,T8,5/7/21,9:57,5257,87.6,0.522,,
Emma2_37_TPA_R2_T8,44,Emma2,37,TPA,R2,T8,5/7/21,9:57,5257,87.6,1.633,,
Emma2_37_Pyrolysis_R2_T8,56,Emma2,37,Pyrolysis,R2,T8,5/7/21,9:57,5257,87.6,1.098,,
Emma2_37_Mix_R2_T8,68,Emma2,37,Mix,R2,T8,5/7/21,9:57,5257,87.6,1.658,,
Emma2_30_TPA_R3_T8,9,Emma2,30,TPA,R3,T8,5/7/21,9:57,5257,87.6,1.289,,
Emma2_30_Pyrolysis_R3_T8,21,Emma2,30,Pyrolysis,R3,T8,5/7/21,9:57,5257,87.6,1.376,,
Emma2_30_Mix_R3_T8,33,Emma2,30,Mix,R3,T8,5/7/21,9:57,5257,87.6,0.333,,
Emma2_37_TPA_R3_T8,45,Emma2,37,TPA,R3,T8,5/7/21,9:57,5257,87.6,1.498,,
Emma2_37_Pyrolysis_R3_T8,57,Emma2,37,Pyrolysis,R3,T8,5/7/21,9:57,5257,87.6,0.9,,
Emma2_37_Mix_R3_T8,69,Emma2,37,Mix,R3,T8,5/7/21,9:57,5257,87.6,1.897,,
Blank_30_TPA_R1_T8,10,Blank,30,TPA,R1,T8,5/7/21,9:57,5257,87.6,0.076,,
Blank_30_Pyrolysis_R1_T8,22,Blank,30,Pyrolysis,R1,T8,5/7/21,9:57,5257,87.6,0.206,,
Blank_30_Mix_R1_T8,34,Blank,30,Mix,R1,T8,5/7/21,9:57,5257,87.6,0.158,,
Blank_37_TPA_R1_T8,46,Blank,37,TPA,R1,T8,5/7/21,9:57,5257,87.6,0.122,,
Blank_37_Pyrolysis_R1_T8,58,Blank,37,Pyrolysis,R1,T8,5/7/21,9:57,5257,87.6,0.291,,
Blank_37_Mix_R1_T8,70,Blank,37,Mix,R1,T8,5/7/21,9:57,5257,87.6,0.225,,
Blank_30_TPA_R2_T8,11,Blank,30,TPA,R2,T8,5/7/21,9:57,5257,87.6,0.11,,
Blank_30_Pyrolysis_R2_T8,23,Blank,30,Pyrolysis,R2,T8,5/7/21,9:57,5257,87.6,0.204,,
Blank_30_Mix_R2_T8,35,Blank,30,Mix,R2,T8,5/7/21,9:57,5257,87.6,0.107,,
Blank_37_TPA_R2_T8,47,Blank,37,TPA,R2,T8,5/7/21,9:57,5257,87.6,0.103,,
Blank_37_Pyrolysis_R2_T8,59,Blank,37,Pyrolysis,R2,T8,5/7/21,9:57,5257,87.6,0.24,,
Blank_37_Mix_R2_T8,71,Blank,37,Mix,R2,T8,5/7/21,9:57,5257,87.6,0.132,,
Blank_30_TPA_R3_T8,12,Blank,30,TPA,R3,T8,5/7/21,9:57,5257,87.6,0.068,,
Blank_30_Pyrolysis_R3_T8,24,Blank,30,Pyrolysis,R3,T8,5/7/21,9:57,5257,87.6,0.17,,
Blank_30_Mix_R3_T8,36,Blank,30,Mix,R3,T8,5/7/21,9:57,5257,87.6,0.123,,
Blank_37_TPA_R3_T8,48,Blank,37,TPA,R3,T8,5/7/21,9:57,5257,87.6,0.071,,
Blank_37_Pyrolysis_R3_T8,60,Blank,37,Pyrolysis,R3,T8,5/7/21,9:57,5257,87.6,0.149,,
Blank_37_Mix_R3_T8,72,Blank,37,Mix,R3,T8,5/7/21,9:57,5257,87.6,0.098,,
Laura1_30_TPA_R1_T9,1,Laura1,30,TPA,R1,T9,5/7/21,12:23,5403,90.1,0.953,1.769863,1.1
Laura1_30_Pyrolysis_R1_T9,13,Laura1,30,Pyrolysis,R1,T9,5/7/21,12:23,5403,90.1,0.564,,0.8
Laura1_30_Mix_R1_T9,25,Laura1,30,Mix,R1,T9,5/7/21,12:23,5403,90.1,0.677,2.296242,1.2
Laura1_37_TPA_R1_T9,37,Laura1,37,TPA,R1,T9,5/7/21,12:23,5403,90.1,1.095,2.572358,4.7
Laura1_37_Pyrolysis_R1_T9,49,Laura1,37,Pyrolysis,R1,T9,5/7/21,12:23,5403,90.1,1.02,,1.1
Laura1_37_Mix_R1_T9,61,Laura1,37,Mix,R1,T9,5/7/21,12:23,5403,90.1,1.022,2.814314,1.6
Laura1_30_TPA_R2_T9,2,Laura1,30,TPA,R2,T9,5/7/21,12:23,5403,90.1,0.90881669,1.881824,1.7
Laura1_30_Pyrolysis_R2_T9,14,Laura1,30,Pyrolysis,R2,T9,5/7/21,12:23,5403,90.1,0.55871289,,0
Laura1_30_Mix_R2_T9,26,Laura1,30,Mix,R2,T9,5/7/21,12:23,5403,90.1,1.35004793,2.397971,1.9
Laura1_37_TPA_R2_T9,38,Laura1,37,TPA,R2,T9,5/7/21,12:23,5403,90.1,1.29035882,1.395545,2.4
Laura1_37_Pyrolysis_R2_T9,50,Laura1,37,Pyrolysis,R2,T9,5/7/21,12:23,5403,90.1,0.59403335,,0.7
Laura1_37_Mix_R2_T9,62,Laura1,37,Mix,R2,T9,5/7/21,12:23,5403,90.1,0.31768451,2.452046,1.2
Laura1_30_TPA_R3_T9,3,Laura1,30,TPA,R3,T9,5/7/21,12:23,5403,90.1,0.91862613,1.848347,1.7
Laura1_30_Pyrolysis_R3_T9,15,Laura1,30,Pyrolysis,R3,T9,5/7/21,12:23,5403,90.1,0.4733447,,0.6
Laura1_30_Mix_R3_T9,27,Laura1,30,Mix,R3,T9,5/7/21,12:23,5403,90.1,0.87772573,2.384714,1.4
Laura1_37_TPA_R3_T9,39,Laura1,37,TPA,R3,T9,5/7/21,12:23,5403,90.1,1.33127329,1.814719,3
Laura1_37_Pyrolysis_R3_T9,51,Laura1,37,Pyrolysis,R3,T9,5/7/21,12:23,5403,90.1,0.90150246,,0.7
Laura1_37_Mix_R3_T9,63,Laura1,37,Mix,R3,T9,5/7/21,12:23,5403,90.1,1.69471497,3.428423,2.1
Laura2_30_TPA_R1_T9,4,Laura2,30,TPA,R1,T9,5/7/21,12:23,5403,90.1,0.94061958,1.801592,1.4
Laura2_30_Pyrolysis_R1_T9,16,Laura2,30,Pyrolysis,R1,T9,5/7/21,12:23,5403,90.1,0.70373881,,0.6
Laura2_30_Mix_R1_T9,28,Laura2,30,Mix,R1,T9,5/7/21,12:23,5403,90.1,1.27336683,2.582532,1.1
Laura2_37_TPA_R1_T9,40,Laura2,37,TPA,R1,T9,5/7/21,12:23,5403,90.1,1.35926057,1.638079,1.5
Laura2_37_Pyrolysis_R1_T9,52,Laura2,37,Pyrolysis,R1,T9,5/7/21,12:23,5403,90.1,0.89689197,,0.5
Laura2_37_Mix_R1_T9,64,Laura2,37,Mix,R1,T9,5/7/21,12:23,5403,90.1,1.02907702,2.474922,1.5
Laura2_30_TPA_R2_T9,5,Laura2,30,TPA,R2,T9,5/7/21,12:23,5403,90.1,1.30473022,1.481976,2.3
Laura2_30_Pyrolysis_R2_T9,17,Laura2,30,Pyrolysis,R2,T9,5/7/21,12:23,5403,90.1,0.65559516,,0.2
Laura2_30_Mix_R2_T9,29,Laura2,30,Mix,R2,T9,5/7/21,12:23,5403,90.1,0.92871498,2.029197,1.2
Laura2_37_TPA_R2_T9,41,Laura2,37,TPA,R2,T9,5/7/21,12:23,5403,90.1,1.35728541,1.789232,2.7
Laura2_37_Pyrolysis_R2_T9,53,Laura2,37,Pyrolysis,R2,T9,5/7/21,12:23,5403,90.1,1.23108971,,0.5
Laura2_37_Mix_R2_T9,65,Laura2,37,Mix,R2,T9,5/7/21,12:23,5403,90.1,1.84349648,2.827754,2.5
Laura2_30_TPA_R3_T9,6,Laura2,30,TPA,R3,T9,5/7/21,12:23,5403,90.1,1.29844332,1.525708,2.2
Laura2_30_Pyrolysis_R3_T9,18,Laura2,30,Pyrolysis,R3,T9,5/7/21,12:23,5403,90.1,1.43566969,,2.1
Laura2_30_Mix_R3_T9,30,Laura2,30,Mix,R3,T9,5/7/21,12:23,5403,90.1,1.30394562,2.733919,1.9
Laura2_37_TPA_R3_T9,42,Laura2,37,TPA,R3,T9,5/7/21,12:23,5403,90.1,0.9261218,1.951265,3.3
Laura2_37_Pyrolysis_R3_T9,54,Laura2,37,Pyrolysis,R3,T9,5/7/21,12:23,5403,90.1,0.44802336,,0.3
Laura2_37_Mix_R3_T9,66,Laura2,37,Mix,R3,T9,5/7/21,12:23,5403,90.1,1.11101714,2.907995,1.3
Emma2_30_TPA_R1_T9,7,Emma2,30,TPA,R1,T9,5/7/21,12:23,5403,90.1,1.1740958,1.220357,2.1
Emma2_30_Pyrolysis_R1_T9,19,Emma2,30,Pyrolysis,R1,T9,5/7/21,12:23,5403,90.1,0.24078633,,-0.2
Emma2_30_Mix_R1_T9,31,Emma2,30,Mix,R1,T9,5/7/21,12:23,5403,90.1,0.91681329,2.008142,1
Emma2_37_TPA_R1_T9,43,Emma2,37,TPA,R1,T9,5/7/21,12:23,5403,90.1,1.29679137,2.059416,2
Emma2_37_Pyrolysis_R1_T9,55,Emma2,37,Pyrolysis,R1,T9,5/7/21,12:23,5403,90.1,0.63773853,,0.3
Emma2_37_Mix_R1_T9,67,Emma2,37,Mix,R1,T9,5/7/21,12:23,5403,90.1,1.258244,2.121546,2.1
Emma2_30_TPA_R2_T9,8,Emma2,30,TPA,R2,T9,5/7/21,12:23,5403,90.1,1.25377082,1.304129,2.2
Emma2_30_Pyrolysis_R2_T9,20,Emma2,30,Pyrolysis,R2,T9,5/7/21,12:23,5403,90.1,0.95969442,,1.1
Emma2_30_Mix_R2_T9,32,Emma2,30,Mix,R2,T9,5/7/21,12:23,5403,90.1,0.67316451,1.973559,0.8
Emma2_37_TPA_R2_T9,44,Emma2,37,TPA,R2,T9,5/7/21,12:23,5403,90.1,1.58028918,1.620062,3
Emma2_37_Pyrolysis_R2_T9,56,Emma2,37,Pyrolysis,R2,T9,5/7/21,12:23,5403,90.1,0.9630365,,0.7
Emma2_37_Mix_R2_T9,68,Emma2,37,Mix,R2,T9,5/7/21,12:23,5403,90.1,1.68679004,2.150899,2.2
Emma2_30_TPA_R3_T9,9,Emma2,30,TPA,R3,T9,5/7/21,12:23,5403,90.1,1.17199826,1.401496,1.8
Emma2_30_Pyrolysis_R3_T9,21,Emma2,30,Pyrolysis,R3,T9,5/7/21,12:23,5403,90.1,1.43263092,,2
Emma2_30_Mix_R3_T9,33,Emma2,30,Mix,R3,T9,5/7/21,12:23,5403,90.1,0.5189451,2.096631,1
Emma2_37_TPA_R3_T9,45,Emma2,37,TPA,R3,T9,5/7/21,12:23,5403,90.1,1.5401474,1.585871,3
Emma2_37_Pyrolysis_R3_T9,57,Emma2,37,Pyrolysis,R3,T9,5/7/21,12:23,5403,90.1,0.84013855,,0.5
Emma2_37_Mix_R3_T9,69,Emma2,37,Mix,R3,T9,5/7/21,12:23,5403,90.1,1.87193557,2.585871,3.8
Blank_30_TPA_R1_T9,10,Blank,30,TPA,R1,T9,5/7/21,12:23,5403,90.1,0.09314794,2.54551,-0.3
Blank_30_Pyrolysis_R1_T9,22,Blank,30,Pyrolysis,R1,T9,5/7/21,12:23,5403,90.1,0.19549785,,-0.6
Blank_30_Mix_R1_T9,34,Blank,30,Mix,R1,T9,5/7/21,12:23,5403,90.1,0.14534644,2.654177,0
Blank_37_TPA_R1_T9,46,Blank,37,TPA,R1,T9,5/7/21,12:23,5403,90.1,0.11870534,2.570505,-0.4
Blank_37_Pyrolysis_R1_T9,58,Blank,37,Pyrolysis,R1,T9,5/7/21,12:23,5403,90.1,0.16450692,,0
Blank_37_Mix_R1_T9,70,Blank,37,Mix,R1,T9,5/7/21,12:23,5403,90.1,0.19060761,2.491812,1.3
Blank_30_TPA_R2_T9,11,Blank,30,TPA,R2,T9,5/7/21,12:23,5403,90.1,0.07906413,2.484547,-0.3
Blank_30_Pyrolysis_R2_T9,23,Blank,30,Pyrolysis,R2,T9,5/7/21,12:23,5403,90.1,0.19570709,,-0.4
Blank_30_Mix_R2_T9,35,Blank,30,Mix,R2,T9,5/7/21,12:23,5403,90.1,0.10912855,2.638223,-0.3
Blank_37_TPA_R2_T9,47,Blank,37,TPA,R2,T9,5/7/21,12:23,5403,90.1,0.10644935,2.969447,-0.1
Blank_37_Pyrolysis_R2_T9,59,Blank,37,Pyrolysis,R2,T9,5/7/21,12:23,5403,90.1,0.18318636,,0.1
Blank_37_Mix_R2_T9,71,Blank,37,Mix,R2,T9,5/7/21,12:23,5403,90.1,0.16146342,2.547113,1.1
Blank_30_TPA_R3_T9,12,Blank,30,TPA,R3,T9,5/7/21,12:23,5403,90.1,0.08205817,2.51207,-0.3
Blank_30_Pyrolysis_R3_T9,24,Blank,30,Pyrolysis,R3,T9,5/7/21,12:23,5403,90.1,0.10179661,,-0.3
Blank_30_Mix_R3_T9,36,Blank,30,Mix,R3,T9,5/7/21,12:23,5403,90.1,0.14967949,2.674247,0.2
Blank_37_TPA_R3_T9,48,Blank,37,TPA,R3,T9,5/7/21,12:23,5403,90.1,0.08508912,2.775087,-0.4
Blank_37_Pyrolysis_R3_T9,60,Blank,37,Pyrolysis,R3,T9,5/7/21,12:23,5403,90.1,0.11557458,,-0.1
Blank_37_Mix_R3_T9,72,Blank,37,Mix,R3,T9,5/7/21,12:23,5403,90.1,0.09261192,2.576868,1.1
Laura2_40_Mix_R1_T0,1,Laura2,40,"Mix (10 TPA, 12.5 Pyro)",R1,T0,5/7/21,14:00,30,0.5,0.218828,,
Laura2_40_Mix_R2_T0,2,Laura2,40,"Mix (10 TPA, 12.5 Pyro)",R2,T0,5/7/21,14:00,30,0.5,0.426448,,
Laura2_40_Mix_R3_T0,3,Laura2,40,"Mix (10 TPA, 12.5 Pyro)",R3,T0,5/7/21,14:00,30,0.5,0.233734,,
Emma2_40_Mix_R1_T0,4,Emma2,40,"Mix (10 TPA, 12.5 Pyro)",R1,T0,5/7/21,14:00,30,0.5,0.249223,,
Emma2_40_Mix_R2_T0,5,Emma2,40,"Mix (10 TPA, 12.5 Pyro)",R2,T0,5/7/21,14:00,30,0.5,0.425612,,
Emma2_40_Mix_R3_T0,6,Emma2,40,"Mix (10 TPA, 12.5 Pyro)",R3,T0,5/7/21,14:00,30,0.5,0.447353,,
Blank_40_Mix_R1_T0,7,Blank,40,"Mix (10 TPA, 12.5 Pyro)",R1,T0,5/7/21,14:00,30,0.5,0.131193,,
Blank_40_Mix_R2_T0,8,Blank,40,"Mix (10 TPA, 12.5 Pyro)",R2,T0,5/7/21,14:00,30,0.5,0.120454,,
Laura2_45_Mix_R1_T0,11,Laura2,45,"Mix (10 TPA, 12.5 Pyro)",R1,T0,5/7/21,14:00,30,0.5,0.516037,,
Laura2_45_Mix_R2_T0,12,Laura2,45,"Mix (10 TPA, 12.5 Pyro)",R2,T0,5/7/21,14:00,30,0.5,0.451914,,
Laura2_45_Mix_R3_T0,13,Laura2,45,"Mix (10 TPA, 12.5 Pyro)",R3,T0,5/7/21,14:00,30,0.5,0.224107,,
Emma2_45_Mix_R1_T0,14,Emma2,45,"Mix (10 TPA, 12.5 Pyro)",R1,T0,5/7/21,14:00,30,0.5,0.306936,,
Emma2_45_Mix_R2_T0,15,Emma2,45,"Mix (10 TPA, 12.5 Pyro)",R2,T0,5/7/21,14:00,30,0.5,0.46079,,
Emma2_45_Mix_R3_T0,16,Emma2,45,"Mix (10 TPA, 12.5 Pyro)",R3,T0,5/7/21,14:00,30,0.5,0.598176,,
Blank_45_Mix_R1_T0,9,Blank,45,"Mix (10 TPA, 12.5 Pyro)",R1,T0,5/7/21,14:00,30,0.5,0.139107,,
Blank_45_Mix_R2_T0,10,Blank,45,"Mix (10 TPA, 12.5 Pyro)",R2,T0,5/7/21,14:00,30,0.5,0.199603,,
Laura2_40_Mix_R1_T1,1,Laura2,40,"Mix (10 TPA, 12.5 Pyro)",R1,T1,5/10/21,9:30,3960,66,0.157,,
Laura2_40_Mix_R2_T1,2,Laura2,40,"Mix (10 TPA, 12.5 Pyro)",R2,T1,5/10/21,9:30,3960,66,0.423,,
Laura2_40_Mix_R3_T1,3,Laura2,40,"Mix (10 TPA, 12.5 Pyro)",R3,T1,5/10/21,9:30,3960,66,0.25,,
Emma2_40_Mix_R1_T1,4,Emma2,40,"Mix (10 TPA, 12.5 Pyro)",R1,T1,5/10/21,9:30,3960,66,0.743,,
Emma2_40_Mix_R2_T1,5,Emma2,40,"Mix (10 TPA, 12.5 Pyro)",R2,T1,5/10/21,9:30,3960,66,0.991,,
Emma2_40_Mix_R3_T1,6,Emma2,40,"Mix (10 TPA, 12.5 Pyro)",R3,T1,5/10/21,9:30,3960,66,1.064,,
Blank_40_Mix_R1_T1,7,Blank,40,"Mix (10 TPA, 12.5 Pyro)",R1,T1,5/10/21,9:30,3960,66,0.084,,
Blank_40_Mix_R2_T1,8,Blank,40,"Mix (10 TPA, 12.5 Pyro)",R2,T1,5/10/21,9:30,3960,66,0.164,,
Laura2_45_Mix_R1_T1,11,Laura2,45,"Mix (10 TPA, 12.5 Pyro)",R1,T1,5/10/21,9:30,3960,66,0.371,,
Laura2_45_Mix_R2_T1,12,Laura2,45,"Mix (10 TPA, 12.5 Pyro)",R2,T1,5/10/21,9:30,3960,66,0.442,,
Laura2_45_Mix_R3_T1,13,Laura2,45,"Mix (10 TPA, 12.5 Pyro)",R3,T1,5/10/21,9:30,3960,66,0.232,,
Emma2_45_Mix_R1_T1,14,Emma2,45,"Mix (10 TPA, 12.5 Pyro)",R1,T1,5/10/21,9:30,3960,66,0.487,,
Emma2_45_Mix_R2_T1,15,Emma2,45,"Mix (10 TPA, 12.5 Pyro)",R2,T1,5/10/21,9:30,3960,66,0.458,,
Emma2_45_Mix_R3_T1,16,Emma2,45,"Mix (10 TPA, 12.5 Pyro)",R3,T1,5/10/21,9:30,3960,66,0.797,,
Blank_45_Mix_R1_T1,9,Blank,45,"Mix (10 TPA, 12.5 Pyro)",R1,T1,5/10/21,9:30,3960,66,0.202,,
Blank_45_Mix_R2_T1,10,Blank,45,"Mix (10 TPA, 12.5 Pyro)",R2,T1,5/10/21,9:30,3960,66,0.156,,
Laura2_40_Mix_R1_T2,1,Laura2,40,"Mix (10 TPA, 12.5 Pyro)",R1,T2,5/10/21,15:50,4430,73.8,0.225392,,
Laura2_40_Mix_R2_T2,2,Laura2,40,"Mix (10 TPA, 12.5 Pyro)",R2,T2,5/10/21,15:50,4430,73.8,0.512027,,
Laura2_40_Mix_R3_T2,3,Laura2,40,"Mix (10 TPA, 12.5 Pyro)",R3,T2,5/10/21,15:50,4430,73.8,0.287876,,
Emma2_40_Mix_R1_T2,4,Emma2,40,"Mix (10 TPA, 12.5 Pyro)",R1,T2,5/10/21,15:50,4430,73.8,0.793379,,
Emma2_40_Mix_R2_T2,5,Emma2,40,"Mix (10 TPA, 12.5 Pyro)",R2,T2,5/10/21,15:50,4430,73.8,1.047981,,
Emma2_40_Mix_R3_T2,6,Emma2,40,"Mix (10 TPA, 12.5 Pyro)",R3,T2,5/10/21,15:50,4430,73.8,1.17961,,
Blank_40_Mix_R1_T2,7,Blank,40,"Mix (10 TPA, 12.5 Pyro)",R1,T2,5/10/21,15:50,4430,73.8,0.135793,,
Blank_40_Mix_R2_T2,8,Blank,40,"Mix (10 TPA, 12.5 Pyro)",R2,T2,5/10/21,15:50,4430,73.8,0.106789,,
Laura2_45_Mix_R1_T2,11,Laura2,45,"Mix (10 TPA, 12.5 Pyro)",R1,T2,5/10/21,15:50,4430,73.8,0.39119,,
Laura2_45_Mix_R2_T2,12,Laura2,45,"Mix (10 TPA, 12.5 Pyro)",R2,T2,5/10/21,15:50,4430,73.8,0.41101,,
Laura2_45_Mix_R3_T2,13,Laura2,45,"Mix (10 TPA, 12.5 Pyro)",R3,T2,5/10/21,15:50,4430,73.8,0.24814,,
Emma2_45_Mix_R1_T2,14,Emma2,45,"Mix (10 TPA, 12.5 Pyro)",R1,T2,5/10/21,15:50,4430,73.8,0.355491,,
Emma2_45_Mix_R2_T2,15,Emma2,45,"Mix (10 TPA, 12.5 Pyro)",R2,T2,5/10/21,15:50,4430,73.8,0.456477,,
Emma2_45_Mix_R3_T2,16,Emma2,45,"Mix (10 TPA, 12.5 Pyro)",R3,T2,5/10/21,15:50,4430,73.8,0.881821,,
Blank_45_Mix_R1_T2,9,Blank,45,"Mix (10 TPA, 12.5 Pyro)",R1,T2,5/10/21,15:50,4430,73.8,0.116565,,
Blank_45_Mix_R2_T2,10,Blank,45,"Mix (10 TPA, 12.5 Pyro)",R2,T2,5/10/21,15:50,4430,73.8,0.167437,,